-- phpMyAdmin SQL Dump
-- version 5.0.4
-- https://www.phpmyadmin.net/
--
-- ホスト: 127.0.0.1
-- 生成日時: 2021-12-15 05:26:05
-- サーバのバージョン： 10.4.17-MariaDB
-- PHP のバージョン: 8.0.1

SET SQL_MODE = "NO_AUTO_VALUE_ON_ZERO";
START TRANSACTION;
SET time_zone = "+00:00";


/*!40101 SET @OLD_CHARACTER_SET_CLIENT=@@CHARACTER_SET_CLIENT */;
/*!40101 SET @OLD_CHARACTER_SET_RESULTS=@@CHARACTER_SET_RESULTS */;
/*!40101 SET @OLD_COLLATION_CONNECTION=@@COLLATION_CONNECTION */;
/*!40101 SET NAMES utf8mb4 */;


INSERT INTO `departments` (`id`, `name`, `created_at`, `created_by`, `updated_at`, `updated_by`, `deleted_at`, `deleted_by`, `restriction_flg`, `display_carried_forward`) VALUES
(1, 'est', '2021-07-27 17:27:51', NULL, '2021-07-27 17:28:21', NULL, '2021-07-27 17:28:21', NULL, 0, 0),
(2, 'aaaaa', '2021-07-27 17:29:36', 1, '2021-07-27 17:29:37', 1, '2021-07-27 17:29:37', NULL, 0, 0),
(3, 'sssssss', '2021-07-27 17:29:44', 1, '2021-07-27 17:29:46', 1, '2021-07-27 17:29:46', NULL, 0, 0),
(4, 'xzxxxxx', '2021-07-27 17:29:50', 1, '2021-07-27 17:29:52', 1, '2021-07-27 17:29:52', NULL, 0, 0),
(5, 'sasaddsa', '2021-07-27 17:29:55', 1, '2021-07-27 17:29:57', 1, '2021-07-27 17:29:57', NULL, 0, 0),
(6, 'test', '0000-00-00 00:00:00', 1, '0000-00-00 00:00:00', 1, NULL, NULL, 0, 0),
(7, 'てｓｔ', '0000-00-00 00:00:00', 4, '0000-00-00 00:00:00', 4, NULL, NULL, 0, 0);
--
-- テーブルのデータのダンプ `users`
--

INSERT INTO `users` (`id`, `last_name`, `first_name`, `last_name_kana`, `first_name_kana`, `email`, `email_verified_at`, `department_id`, `password`, `remember_token`, `code`, `created_at`, `created_by`, `updated_at`, `updated_by`, `deleted_at`, `deleted_by`, `is_delivery_staff`) VALUES
(1, '平井yrtd', NULL, 'ヒライ', 'タクマ', 'test@fireflyinc.io.2', NULL, 6, '$2y$10$KK.hKUJrMbFuBy/Ta8bYteOWwcj52tdpcVNYfFwnDHIxDNY5rgDHa', NULL, '1000', NULL, NULL, '2021-11-11 01:23:13', NULL, NULL, NULL, 0),
(2, '梅川', '敦', 'test', '1', 't.hirai@fireflyinc.io', NULL, NULL, '$2y$10$Jh07hGh4gp4/UdZFZ5IvOOOsFCeXcRDx/8b5RLqYY2AD7Gc87pZ2C', NULL, '2', '2021-07-27 15:55:35', NULL, '2021-07-27 17:35:04', NULL, '2021-07-27 17:35:04', NULL, 0),
(4, 'テストユーザ', '拓真', 'ヒライ', 'タクマ', 'test@fireflyinc.io.3', NULL, 6, '$2y$10$XyC8zLMOxHzWh1iRA9KwhOAvprgUvckgUq4202NUBl5YfKv/NBk7q', NULL, '1000', NULL, NULL, '2021-08-05 14:51:52', NULL, NULL, NULL, 1),
(5, 'テストユーザ', '拓真', 'ヒライ', 'タクマ', 'test@fireflyinc.io.5', NULL, 6, '$2y$10$XyC8zLMOxHzWh1iRA9KwhOAvprgUvckgUq4202NUBl5YfKv/NBk7q', NULL, '1000', NULL, NULL, '2021-12-09 14:19:58', NULL, NULL, NULL, 0),
(6, 'test', NULL, NULL, NULL, '1', NULL, NULL, '$2y$10$yjjeeImDthmNWlKUHGXm.Oi7GEjyOPXjZiBPVpSwEbub.JUpQZL5e', NULL, 'test', '2021-08-26 02:36:57', NULL, '2021-08-26 02:36:57', NULL, NULL, NULL, NULL),
(7, 'test', NULL, NULL, NULL, '5', NULL, NULL, '$2y$10$B4suaYCrXArGMbQda8k2OOFGouNNNjvm6q5.9f6d.CCISuwyiaulW', NULL, NULL, '2021-08-26 02:37:52', NULL, '2021-08-26 02:37:52', NULL, NULL, NULL, NULL),
(8, 'testssssss', NULL, NULL, '5', 'test', NULL, NULL, '$2y$10$c14hf99IL3tqL9wUYaTFp.a/PBugYajcdbglE.vVZeoHWcs/MhE66', NULL, NULL, '2021-08-26 02:38:30', NULL, '2021-08-26 02:38:30', NULL, NULL, NULL, NULL),
(9, 'test', NULL, NULL, NULL, '5', NULL, NULL, '$2y$10$Yf8GRnvp22K932VjQy0tiuCt7VOEwxZcS0j9tRQSUWcvxgdyWwaYq', NULL, NULL, '2021-08-26 02:39:04', NULL, '2021-08-26 02:39:04', NULL, NULL, NULL, NULL),
(10, 'aaaa', NULL, NULL, '5', 'aaaa', NULL, NULL, '$2y$10$82DjC8ABxCbPLkEwQ66PW.BKVpmHrbKJ6xiv1FXcmSilNSW5Xt1fm', NULL, NULL, '2021-08-26 02:39:32', NULL, '2021-08-26 02:39:32', NULL, NULL, NULL, NULL),
(11, 'test', NULL, NULL, NULL, '5', NULL, NULL, '$2y$10$pYt7j8w8t9aas2hV/c.wPOLCksR6Dp.RCNgk8M91dl6aQ/MLLPqjW', NULL, NULL, '2021-08-26 02:40:12', NULL, '2021-08-26 02:40:12', NULL, NULL, NULL, NULL),
(12, 'test', NULL, NULL, NULL, '5', NULL, NULL, '$2y$10$Lmnq17nr1C6xC6vjsG0Cr.87YYeK3iv/90RO/ePMwEfDekXLw/iLm', NULL, NULL, '2021-08-26 02:40:32', NULL, '2021-08-26 02:40:32', NULL, NULL, NULL, NULL),
(13, 'test', NULL, NULL, NULL, '5', NULL, NULL, '$2y$10$Ve1UsNH3CPLl5leNj7rFY.OhvgEv7NZNHbbYEN2ZijjABVtE.wPqO', NULL, NULL, '2021-08-26 02:40:51', NULL, '2021-08-26 02:40:51', NULL, NULL, NULL, NULL),
(14, 'aaaaa', NULL, NULL, NULL, '5', NULL, NULL, '$2y$10$UBpthDaCopSuhDWDq2Mz4uHU7tW/Qo2CHcfe0bE03PKQ.Pskr46Bm', NULL, NULL, '2021-08-26 02:41:03', NULL, '2021-08-26 02:41:03', NULL, NULL, NULL, NULL),
(15, 'test', NULL, NULL, NULL, '5', NULL, NULL, '$2y$10$KKrdflsZ3R12j/tqg5DTXuaa030ud50XgUI1cPlNcGl9Rnq2ue/hm', NULL, NULL, '2021-08-26 02:41:16', NULL, '2021-08-26 02:41:16', NULL, NULL, NULL, NULL);


INSERT INTO `accounts` (`id`, `name`, `postal_code`, `adress`, `phone_number`, `kana`, `Abbreviation`, `type`, `first_adress`, `second_adress`, `fax`, `TaxType`, `deadline`, `old_id`, `created_at`, `created_by`, `updated_at`, `updated_by`, `deleted_at`, `deleted_by`, `billing_id`, `staff_id`, `payment_month_type`, `payment_day`, `driver_id`, `collect_class`, `display_carried_forward`, `kurikoshi`, `TotalPayment`, `TotalBillingAmount`) VALUES
(1, '株式会社ジャフテック', '550-0005', NULL, '080-6148-2536', NULL, NULL, NULL, '大阪', NULL, NULL, '外税', '末日', NULL, '2021-07-27 07:52:02', NULL, '2021-12-09 14:51:08', 5, NULL, NULL, NULL, 1, '翌月', '5', NULL, '01 振込', 0, '-1099526', '1157445', '57919'),
(2, '株式会社Firefly', '500-0005', NULL, '08061482536', 'ファイアーフライ', NULL, NULL, '西本町2丁目1-27-The Rooms Osaka701', NULL, NULL, NULL, '20', NULL, '2021-07-27 15:43:45', 1, '2021-07-27 17:31:33', 1, '2021-07-27 17:31:33', NULL, NULL, 1, '当月', '1', NULL, '02 現金', 0, NULL, NULL, NULL),
(3, 'tes', '550-0005', NULL, '08061482536', 'テスト', 'あ', NULL, '西本町2丁目1-27-The Rooms Osaka701', NULL, NULL, NULL, '5', NULL, '2021-09-11 01:33:16', 5, '2021-10-11 13:15:42', 5, NULL, NULL, NULL, 1, '翌月', '2', NULL, '01 振込', NULL, '0', '0', '0');

INSERT INTO `products` (`id`, `name`, `Class`, `BigCategory`, `MiddleCategory`, `SmallCategory`, `Inventory_unit`, `purchase_unit_price`, `unit_price`, `taxation_flg`, `tax`, `old_id`, `created_at`, `created_by`, `updated_at`, `updated_by`, `deleted_at`, `deleted_by`) VALUES
(1, 'とり天弁当', NULL, NULL, NULL, NULL, NULL, NULL, '1000', 'なし', '0.08', NULL, '2021-07-27 07:52:23', NULL, '2021-07-27 07:52:23', NULL, NULL, NULL),
(2, '唐揚げ弁当', NULL, NULL, NULL, NULL, NULL, NULL, NULL, 'なし', '0.08', NULL, '2021-08-28 01:39:57', NULL, '2021-08-28 01:39:57', NULL, NULL, NULL),
(3, 'テスト', NULL, NULL, NULL, NULL, '1', NULL, '300', 'あり', '0.08', NULL, '2021-11-02 17:09:08', NULL, '2021-11-02 17:09:08', NULL, NULL, NULL);


INSERT INTO `customer_unit_prices` (`id`, `product_id`, `unit_price`, `account_id`, `start_date`, `TaxType`, `created_at`, `created_by`, `updated_at`, `updated_by`, `deleted_at`, `deleted_by`) VALUES
(1, 1, '1000', 1, '1900-01-01', NULL, '2021-07-27 07:52:23', NULL, '2021-07-27 07:52:23', NULL, NULL, NULL),
(2, 1, '1000', 2, '1900-01-01', NULL, '2021-07-27 15:43:45', 1, '2021-07-27 15:43:45', 1, NULL, NULL),
(3, 2, NULL, 1, '1900-01-01', NULL, '2021-08-28 01:39:57', NULL, '2021-08-28 01:39:57', NULL, NULL, NULL),
(4, 1, '1000', 3, '1900-01-01', NULL, '2021-09-11 01:33:16', 5, '2021-09-11 01:33:16', 5, NULL, NULL),
(5, 2, NULL, 3, '1900-01-01', NULL, '2021-09-11 01:33:16', 5, '2021-09-11 01:33:16', 5, NULL, NULL),
(6, 1, '1000', 1, '1900-01-01', NULL, NULL, NULL, NULL, NULL, NULL, NULL),
(7, 1, '1000', 3, '1900-01-01', NULL, NULL, NULL, NULL, NULL, NULL, NULL),
(8, 2, NULL, 1, '1900-01-01', NULL, NULL, NULL, NULL, NULL, NULL, NULL),
(9, 2, NULL, 3, '1900-01-01', NULL, NULL, NULL, NULL, NULL, NULL, NULL),
(10, 1, '1000', 1, '1900-01-01', NULL, NULL, NULL, NULL, NULL, NULL, NULL),
(11, 1, '1000', 3, '1900-01-01', NULL, NULL, NULL, NULL, NULL, NULL, NULL),
(12, 2, NULL, 1, '1900-01-01', NULL, NULL, NULL, NULL, NULL, NULL, NULL),
(13, 2, NULL, 3, '1900-01-01', NULL, NULL, NULL, NULL, NULL, NULL, NULL),
(14, 3, '300', 1, '1900-01-01', NULL, '2021-11-02 17:09:08', NULL, '2021-11-02 17:09:08', NULL, NULL, NULL),
(15, 3, '300', 3, '1900-01-01', NULL, '2021-11-02 17:09:08', NULL, '2021-11-02 17:09:08', NULL, NULL, NULL);

INSERT INTO `delivery_destinations` (`id`, `name`, `kana`, `postal_code`, `adress`, `phone_number`, `type`, `first_adress`, `second_adress`, `fax`, `account_id`, `created_at`, `created_by`, `updated_at`, `updated_by`, `deleted_at`, `deleted_by`) VALUES
(1, '株式会社ジャフテック', NULL, '550-0005', '大阪', '080-6148-2536', NULL, '大阪', NULL, NULL, 1, '2021-07-27 07:52:02', NULL, '2021-07-27 17:24:58', NULL, '2021-07-27 17:24:58', NULL),
(2, '株式会社Firefly', 'ファイアーフライ', '500-0005', '西本町2丁目1-27-The Rooms Osaka701', '08061482536', NULL, '西本町2丁目1-27-The Rooms Osaka701', NULL, NULL, 2, '2021-07-27 15:43:45', 1, '2021-07-27 15:43:45', 1, NULL, NULL),
(3, 'うんこ', NULL, '550-0005', NULL, NULL, NULL, 'test', NULL, NULL, 1, '2021-07-27 17:25:25', NULL, '2021-07-27 17:25:29', NULL, '2021-07-27 17:25:29', NULL),
(4, 'test', NULL, '550-0005', NULL, NULL, NULL, '大阪', NULL, NULL, 1, '2021-07-27 17:38:07', 1, '2021-07-27 17:38:07', 1, NULL, NULL),
(5, 'test2', 'テスト', '550-0005', NULL, '08061482536', NULL, '西本町2丁目1-27-The Rooms Osaka701', NULL, NULL, 1, '2021-08-28 01:39:15', NULL, '2021-08-28 01:39:15', NULL, NULL, NULL),
(6, 'tes', 'テスト', '550-0005', '西本町2丁目1-27-The Rooms Osaka701', '08061482536', NULL, '西本町2丁目1-27-The Rooms Osaka701', NULL, NULL, 3, '2021-09-11 01:33:16', 5, '2021-09-11 01:33:16', 5, NULL, NULL);

INSERT INTO `invoices` (`id`, `deposited`, `billing_date`, `payment_date`, `account_id`, `created_at`, `created_by`, `updated_at`, `updated_by`, `deleted_at`, `deleted_by`, `starting_date`, `deadline`, `payments_class`, `tax`, `subtotal`, `deposited_amount`) VALUES
(7, 0, '2021-08-25', '2021-09-01', 1, '2021-07-27 17:42:23', 1, '2021-10-19 19:02:29', 1, NULL, NULL, '2021-07-26', '2021-08-25', '', '0', '3000', '1000'),
(8, 0, '2021-08-25', '2021-09-01', 1, '2021-07-28 09:25:18', NULL, '2021-10-19 19:05:00', 5, NULL, NULL, '2021-07-26', '2021-08-25', '', '0', '1000', '34222'),
(9, 0, '2021-08-25', '2021-09-01', 1, '2021-08-23 18:44:48', 5, '2021-11-18 14:31:56', 5, NULL, NULL, '2021-07-26', '2021-08-25', '', '80', '3000', '1122223'),
(10, 0, '2021-09-25', '2021-10-01', 1, '2021-08-28 01:54:36', 5, '2021-10-19 19:04:44', 5, '2021-10-19 19:04:44', NULL, '2021-08-26', '2021-09-25', '', '119', '2481', '111'),
(11, 0, '2021-09-30', '2021-09-30', 1, NULL, NULL, '2021-10-11 13:45:50', NULL, '2021-10-11 13:45:50', NULL, NULL, '2021-09-30', '', NULL, NULL, NULL),
(12, 0, '2021-09-30', '2021-09-30', 3, NULL, NULL, '2021-10-11 13:15:42', 5, NULL, NULL, NULL, '2021-09-30', '', NULL, NULL, NULL),
(13, 0, '2021-09-25', '2021-10-01', 1, '2021-11-02 18:19:11', NULL, '2021-11-02 18:19:11', NULL, NULL, NULL, '2021-08-26', '2021-09-25', '', '1060', '30780', NULL),
(14, NULL, '2021-12-26', '2021-12-01', 1, '2021-12-09 14:27:40', NULL, '2021-12-09 14:27:40', NULL, NULL, NULL, '2021-12-26', '2021-12-26', '999999', '0', '2111', NULL),
(15, NULL, '2015-03-26', '2015-03-01', 1, '2021-12-09 14:28:59', NULL, '2021-12-09 14:28:59', NULL, NULL, NULL, '2015-03-26', '2015-03-26', '999999', '0', '1000', NULL),
(16, NULL, '2015-02-26', '2015-02-01', 1, '2021-12-09 14:28:59', NULL, '2021-12-09 14:28:59', NULL, NULL, NULL, '2015-02-26', '2015-02-26', '999999', '0', '1111', NULL),
(17, NULL, '2015-03-26', '2015-03-01', 1, '2021-12-09 14:37:12', NULL, '2021-12-09 14:37:12', NULL, NULL, NULL, '2015-03-26', '2015-03-26', '999999', '0', '1000', NULL),
(18, NULL, '2015-02-26', '2015-02-01', 1, '2021-12-09 14:37:12', NULL, '2021-12-09 14:37:12', NULL, NULL, NULL, '2015-02-26', '2015-02-26', '999999', '0', '1111', NULL),
(19, NULL, '2015-03-26', '2015-03-01', 1, '2021-12-09 14:40:58', NULL, '2021-12-09 14:40:58', NULL, NULL, NULL, '2015-03-26', '2015-03-26', '999999', '0', '1000', NULL),
(20, NULL, '2015-02-26', '2015-02-01', 1, '2021-12-09 14:40:58', NULL, '2021-12-09 14:40:58', NULL, NULL, NULL, '2015-02-26', '2015-02-26', '999999', '0', '1111', NULL),
(21, NULL, '2015-04-25', '2015-04-01', 1, '2021-12-09 14:42:13', NULL, '2021-12-09 14:42:13', NULL, NULL, NULL, '2015-02-26', '2015-04-25', '999999', '0', '1000', NULL),
(22, NULL, '2015-03-25', '2015-03-01', 1, '2021-12-09 14:42:13', NULL, '2021-12-09 14:42:13', NULL, NULL, NULL, '2015-01-26', '2015-03-25', '999999', '0', '1111', NULL),
(23, NULL, '2015-03-25', '2015-04-01', 1, '2021-12-09 14:46:56', NULL, '2021-12-09 14:46:56', NULL, NULL, NULL, '2015-02-26', '2015-03-25', '999999', '0', '1000', NULL),
(24, NULL, '2015-02-25', '2015-03-01', 1, '2021-12-09 14:46:56', NULL, '2021-12-09 14:46:56', NULL, NULL, NULL, '2015-01-26', '2015-02-25', '999999', '0', '1111', NULL),
(25, NULL, '2015-03-25', '2015-05-01', 1, '2021-12-09 14:49:30', NULL, '2021-12-09 14:49:30', NULL, NULL, NULL, '2015-02-26', '2015-03-25', '999999', '0', '1000', NULL),
(26, NULL, '2015-02-25', '2015-04-01', 1, '2021-12-09 14:49:30', NULL, '2021-12-09 14:49:30', NULL, NULL, NULL, '2015-01-26', '2015-02-25', '999999', '0', '1111', NULL),
(27, NULL, '2015-03-25', '2015-03-31', 1, '2021-12-09 14:50:14', NULL, '2021-12-09 14:50:14', NULL, NULL, NULL, '2015-02-26', '2015-03-25', '999999', '0', '1000', NULL),
(28, NULL, '2015-02-25', '2015-02-28', 1, '2021-12-09 14:50:14', NULL, '2021-12-09 14:50:14', NULL, NULL, NULL, '2015-01-26', '2015-02-25', '999999', '0', '1111', NULL),
(29, NULL, '2015-02-28', '2015-03-05', 1, '2021-12-09 14:51:08', NULL, '2021-12-09 14:51:08', NULL, NULL, NULL, '2015-02-01', '2015-02-28', '999999', '0', '2111', NULL);

INSERT INTO `invoices_forms` (`id`, `pdf_path`, `invoice_id`, `deleted_at`, `deleted_by`, `created_at`, `created_by`, `updated_at`, `updated_by`) VALUES
(1, 'invoice/2021-07/1/請求書0728_032449.pdf', 7, NULL, NULL, '2021-07-27 18:24:50', 1, '2021-07-27 18:24:50', 1),
(2, 'invoice/2021-08/1/請求書0806_000300.pdf', 8, NULL, NULL, '2021-08-05 15:03:01', NULL, '2021-08-05 15:03:01', NULL),
(3, 'invoice/2021-08/1/請求書0811_210653.pdf', 8, NULL, NULL, '2021-08-11 12:06:54', 4, '2021-08-11 12:06:54', 4),
(4, 'invoice/2021-08/1/請求書0811_210802.pdf', 8, NULL, NULL, '2021-08-11 12:08:03', 4, '2021-08-11 12:08:03', 4),
(5, 'invoice/2021-08/1/請求書0811_210839.pdf', 8, NULL, NULL, '2021-08-11 12:08:40', 4, '2021-08-11 12:08:40', 4),
(6, 'invoice/2021-08/1/請求書0811_210949.pdf', 8, NULL, NULL, '2021-08-11 12:09:50', 4, '2021-08-11 12:09:50', 4),
(7, 'invoice/2021-08/1/請求書0811_211049.pdf', 8, NULL, NULL, '2021-08-11 12:10:51', 4, '2021-08-11 12:10:51', 4),
(8, 'invoice/2021-08/1/請求書0811_211101.pdf', 8, NULL, NULL, '2021-08-11 12:11:02', 4, '2021-08-11 12:11:02', 4),
(9, 'invoice/2021-08/1/請求書0811_211118.pdf', 8, NULL, NULL, '2021-08-11 12:11:19', 4, '2021-08-11 12:11:19', 4),
(10, 'invoice/2021-08/1/請求書0811_211157.pdf', 8, NULL, NULL, '2021-08-11 12:11:58', 4, '2021-08-11 12:11:58', 4),
(11, 'invoice/2021-08/1/請求書0811_211443.pdf', 8, NULL, NULL, '2021-08-11 12:14:44', 4, '2021-08-11 12:14:44', 4),
(12, 'invoice/2021-08/1/請求書0811_211515.pdf', 8, NULL, NULL, '2021-08-11 12:15:16', 4, '2021-08-11 12:15:16', 4),
(13, 'invoice/2021-08/1/請求書0811_212111.pdf', 8, NULL, NULL, '2021-08-11 12:21:12', 4, '2021-08-11 12:21:12', 4),
(14, 'invoice/2021-08/1/請求書0811_212210.pdf', 8, NULL, NULL, '2021-08-11 12:22:11', 4, '2021-08-11 12:22:11', 4),
(15, 'invoice/2021-08/1/請求書0811_212241.pdf', 8, NULL, NULL, '2021-08-11 12:22:42', 4, '2021-08-11 12:22:42', 4),
(16, 'invoice/2021-08/1/請求書0811_212459.pdf', 8, NULL, NULL, '2021-08-11 12:25:00', 4, '2021-08-11 12:25:00', 4),
(17, 'invoice/2021-08/1/請求書0811_212527.pdf', 8, NULL, NULL, '2021-08-11 12:25:28', 4, '2021-08-11 12:25:28', 4),
(18, 'invoice/2021-08/1/請求書0811_212546.pdf', 8, NULL, NULL, '2021-08-11 12:25:46', 4, '2021-08-11 12:25:46', 4),
(19, 'invoice/2021-08/1/請求書0811_212710.pdf', 8, NULL, NULL, '2021-08-11 12:27:11', 4, '2021-08-11 12:27:11', 4),
(20, 'invoice/2021-08/1/請求書0811_212748.pdf', 8, NULL, NULL, '2021-08-11 12:27:49', 4, '2021-08-11 12:27:49', 4),
(21, 'invoice/2021-08/1/請求書0811_212822.pdf', 8, NULL, NULL, '2021-08-11 12:28:23', 4, '2021-08-11 12:28:23', 4),
(22, 'invoice/2021-08/1/請求書0811_212855.pdf', 8, NULL, NULL, '2021-08-11 12:28:56', 4, '2021-08-11 12:28:56', 4),
(23, 'invoice/2021-08/1/請求書0811_212916.pdf', 8, NULL, NULL, '2021-08-11 12:29:17', 4, '2021-08-11 12:29:17', 4),
(24, 'invoice/2021-08/1/請求書0811_213133.pdf', 8, NULL, NULL, '2021-08-11 12:31:34', 4, '2021-08-11 12:31:34', 4),
(25, 'invoice/2021-08/1/請求書0811_213206.pdf', 8, NULL, NULL, '2021-08-11 12:32:07', 4, '2021-08-11 12:32:07', 4),
(26, 'invoice/2021-08/1/請求書0811_213750.pdf', 8, NULL, NULL, '2021-08-11 12:37:51', 4, '2021-08-11 12:37:51', 4),
(27, 'invoice/2021-08/1/請求書0811_213844.pdf', 8, NULL, NULL, '2021-08-11 12:38:45', 4, '2021-08-11 12:38:45', 4),
(28, 'invoice/2021-08/1/請求書0811_213927.pdf', 8, NULL, NULL, '2021-08-11 12:39:28', 4, '2021-08-11 12:39:28', 4),
(29, 'invoice/2021-08/1/請求書0811_214007.pdf', 8, NULL, NULL, '2021-08-11 12:40:08', 4, '2021-08-11 12:40:08', 4),
(30, 'invoice/2021-08/1/請求書0811_214054.pdf', 8, NULL, NULL, '2021-08-11 12:40:54', 4, '2021-08-11 12:40:54', 4),
(31, 'invoice/2021-08/1/請求書0811_214118.pdf', 8, NULL, NULL, '2021-08-11 12:41:19', 4, '2021-08-11 12:41:19', 4),
(32, 'invoice/2021-08/1/請求書0811_214147.pdf', 8, NULL, NULL, '2021-08-11 12:41:47', 4, '2021-08-11 12:41:47', 4),
(33, 'invoice/2021-08/1/請求書0811_214210.pdf', 8, NULL, NULL, '2021-08-11 12:42:11', 4, '2021-08-11 12:42:11', 4),
(34, 'invoice/2021-08/1/請求書0811_214248.pdf', 8, NULL, NULL, '2021-08-11 12:42:49', 4, '2021-08-11 12:42:49', 4),
(35, 'invoice/2021-08/1/請求書0811_214359.pdf', 8, NULL, NULL, '2021-08-11 12:43:59', 4, '2021-08-11 12:43:59', 4),
(36, 'invoice/2021-08/1/請求書0811_214422.pdf', 8, NULL, NULL, '2021-08-11 12:44:22', 4, '2021-08-11 12:44:22', 4),
(37, 'invoice/2021-08/1/請求書0811_214501.pdf', 8, NULL, NULL, '2021-08-11 12:45:02', 4, '2021-08-11 12:45:02', 4),
(38, 'invoice/2021-08/1/請求書0811_214544.pdf', 8, NULL, NULL, '2021-08-11 12:45:44', 4, '2021-08-11 12:45:44', 4),
(39, 'invoice/2021-08/1/請求書0811_214626.pdf', 8, NULL, NULL, '2021-08-11 12:46:27', 4, '2021-08-11 12:46:27', 4),
(40, 'invoice/2021-08/1/請求書0811_214643.pdf', 8, NULL, NULL, '2021-08-11 12:46:44', 4, '2021-08-11 12:46:44', 4),
(41, 'invoice/2021-08/1/請求書0811_214655.pdf', 8, NULL, NULL, '2021-08-11 12:46:56', 4, '2021-08-11 12:46:56', 4),
(42, 'invoice/2021-08/1/請求書0811_214706.pdf', 8, NULL, NULL, '2021-08-11 12:47:07', 4, '2021-08-11 12:47:07', 4),
(43, 'invoice/2021-08/1/請求書0811_214726.pdf', 8, NULL, NULL, '2021-08-11 12:47:27', 4, '2021-08-11 12:47:27', 4),
(44, 'invoice/2021-08/1/請求書0811_214846.pdf', 8, NULL, NULL, '2021-08-11 12:48:47', NULL, '2021-08-11 12:48:47', NULL),
(45, 'invoice/2021-08/1/請求書0811_215000.pdf', 8, NULL, NULL, '2021-08-11 12:50:01', NULL, '2021-08-11 12:50:01', NULL),
(46, 'invoice/2021-08/1/請求書0811_215011.pdf', 8, NULL, NULL, '2021-08-11 12:50:12', NULL, '2021-08-11 12:50:12', NULL),
(47, 'invoice/2021-08/1/請求書0811_215050.pdf', 8, NULL, NULL, '2021-08-11 12:50:51', NULL, '2021-08-11 12:50:51', NULL),
(48, 'invoice/2021-08/1/請求書0811_215106.pdf', 8, NULL, NULL, '2021-08-11 12:51:07', NULL, '2021-08-11 12:51:07', NULL),
(49, 'invoice/2021-08/1/請求書0811_215142.pdf', 8, NULL, NULL, '2021-08-11 12:51:43', 4, '2021-08-11 12:51:43', 4),
(50, 'invoice/2021-08/1/請求書0811_215403.pdf', 8, NULL, NULL, '2021-08-11 12:54:03', 4, '2021-08-11 12:54:03', 4),
(51, 'invoice/2021-08/1/請求書0811_215429.pdf', 8, NULL, NULL, '2021-08-11 12:54:30', 4, '2021-08-11 12:54:30', 4),
(52, 'invoice/2021-08/1/請求書0811_215453.pdf', 8, NULL, NULL, '2021-08-11 12:54:54', 4, '2021-08-11 12:54:54', 4),
(53, 'invoice/2021-08/1/請求書0811_215530.pdf', 8, NULL, NULL, '2021-08-11 12:55:31', 4, '2021-08-11 12:55:31', 4),
(54, 'invoice/2021-08/1/請求書0811_215537.pdf', 8, NULL, NULL, '2021-08-11 12:55:38', 4, '2021-08-11 12:55:38', 4),
(55, 'invoice/2021-08/1/請求書0811_215614.pdf', 8, NULL, NULL, '2021-08-11 12:56:15', 4, '2021-08-11 12:56:15', 4),
(56, 'invoice/2021-08/1/請求書0811_215658.pdf', 8, NULL, NULL, '2021-08-11 12:56:59', 4, '2021-08-11 12:56:59', 4),
(57, 'invoice/2021-08/1/請求書0811_215715.pdf', 8, NULL, NULL, '2021-08-11 12:57:15', 4, '2021-08-11 12:57:15', 4),
(58, 'invoice/2021-08/1/請求書0811_215732.pdf', 8, NULL, NULL, '2021-08-11 12:57:32', 4, '2021-08-11 12:57:32', 4),
(59, 'invoice/2021-08/1/請求書0811_215843.pdf', 8, NULL, NULL, '2021-08-11 12:58:44', 4, '2021-08-11 12:58:44', 4),
(60, 'invoice/2021-08/1/請求書0811_215901.pdf', 8, NULL, NULL, '2021-08-11 12:59:02', 4, '2021-08-11 12:59:02', 4),
(61, 'invoice/2021-08/1/請求書0811_215925.pdf', 8, NULL, NULL, '2021-08-11 12:59:26', 4, '2021-08-11 12:59:26', 4),
(62, 'invoice/2021-08/1/請求書0811_220016.pdf', 8, NULL, NULL, '2021-08-11 13:00:17', 4, '2021-08-11 13:00:17', 4),
(63, 'invoice/2021-08/1/請求書0811_220034.pdf', 8, NULL, NULL, '2021-08-11 13:00:35', 4, '2021-08-11 13:00:35', 4),
(64, 'invoice/2021-08/1/請求書0811_220112.pdf', 8, NULL, NULL, '2021-08-11 13:01:13', 4, '2021-08-11 13:01:13', 4),
(65, 'invoice/2021-08/1/請求書0811_220149.pdf', 8, NULL, NULL, '2021-08-11 13:01:50', 4, '2021-08-11 13:01:50', 4),
(66, 'invoice/2021-08/1/請求書0811_220226.pdf', 8, NULL, NULL, '2021-08-11 13:02:27', 4, '2021-08-11 13:02:27', 4),
(67, 'invoice/2021-08/1/請求書0811_220309.pdf', 8, NULL, NULL, '2021-08-11 13:03:10', 4, '2021-08-11 13:03:10', 4),
(68, 'invoice/2021-08/1/請求書0811_220343.pdf', 8, NULL, NULL, '2021-08-11 13:03:44', 4, '2021-08-11 13:03:44', 4),
(69, 'invoice/2021-08/1/請求書0811_220637.pdf', 8, NULL, NULL, '2021-08-11 13:06:38', 4, '2021-08-11 13:06:38', 4),
(70, 'invoice/2021-08/1/請求書0811_220805.pdf', 8, NULL, NULL, '2021-08-11 13:08:06', 4, '2021-08-11 13:08:06', 4),
(71, 'invoice/2021-08/1/請求書0811_220820.pdf', 8, NULL, NULL, '2021-08-11 13:08:21', 4, '2021-08-11 13:08:21', 4),
(72, 'invoice/2021-08/1/請求書0811_220943.pdf', 8, NULL, NULL, '2021-08-11 13:09:44', 4, '2021-08-11 13:09:44', 4),
(73, 'invoice/2021-08/1/請求書0811_221002.pdf', 8, NULL, NULL, '2021-08-11 13:10:03', 4, '2021-08-11 13:10:03', 4),
(74, 'invoice/2021-08/1/請求書0811_221812.pdf', 8, NULL, NULL, '2021-08-11 13:18:13', 4, '2021-08-11 13:18:13', 4),
(75, 'invoice/2021-08/1/請求書0811_221824.pdf', 8, NULL, NULL, '2021-08-11 13:18:25', 4, '2021-08-11 13:18:25', 4),
(76, 'invoice/2021-08/1/請求書0811_221825.pdf', 8, NULL, NULL, '2021-08-11 13:18:26', 4, '2021-08-11 13:18:26', 4),
(77, 'invoice/2021-08/1/請求書0811_221916.pdf', 8, NULL, NULL, '2021-08-11 13:19:16', 4, '2021-08-11 13:19:16', 4),
(78, 'invoice/2021-08/1/請求書0811_221937.pdf', 8, NULL, NULL, '2021-08-11 13:19:38', 4, '2021-08-11 13:19:38', 4),
(79, 'invoice/2021-08/1/請求書0811_222119.pdf', 8, NULL, NULL, '2021-08-11 13:21:20', 4, '2021-08-11 13:21:20', 4),
(80, 'invoice/2021-08/1/請求書0811_222136.pdf', 8, NULL, NULL, '2021-08-11 13:21:36', 4, '2021-08-11 13:21:36', 4),
(81, 'invoice/2021-08/1/請求書0811_222224.pdf', 8, NULL, NULL, '2021-08-11 13:22:25', 4, '2021-08-11 13:22:25', 4),
(82, 'invoice/2021-08/1/請求書0811_222254.pdf', 8, NULL, NULL, '2021-08-11 13:22:55', 4, '2021-08-11 13:22:55', 4),
(83, 'invoice/2021-08/1/請求書0811_222321.pdf', 8, NULL, NULL, '2021-08-11 13:23:22', 4, '2021-08-11 13:23:22', 4),
(84, 'invoice/2021-08/1/請求書0811_222406.pdf', 8, NULL, NULL, '2021-08-11 13:24:07', 4, '2021-08-11 13:24:07', 4),
(85, 'invoice/2021-08/1/請求書0811_222421.pdf', 8, NULL, NULL, '2021-08-11 13:24:22', 4, '2021-08-11 13:24:22', 4),
(86, 'invoice/2021-08/1/請求書0811_223206.pdf', 8, NULL, NULL, '2021-08-11 13:32:07', 4, '2021-08-11 13:32:07', 4),
(87, 'invoice/2021-08/1/請求書0824_034505.pdf', 9, NULL, NULL, '2021-08-23 18:45:06', 5, '2021-08-23 18:45:06', 5),
(88, 'invoice/2021-08/1/請求書0828_094444.pdf', 9, NULL, NULL, '2021-08-28 00:44:45', NULL, '2021-08-28 00:44:45', NULL),
(89, 'invoice/2021-08/1/請求書0828_094506.pdf', 9, NULL, NULL, '2021-08-28 00:45:07', NULL, '2021-08-28 00:45:07', NULL),
(90, 'invoice/2021-08/1/請求書0828_094639.pdf', 9, NULL, NULL, '2021-08-28 00:46:40', NULL, '2021-08-28 00:46:40', NULL),
(91, 'invoice/2021-08/1/請求書0828_094709.pdf', 9, NULL, NULL, '2021-08-28 00:47:09', NULL, '2021-08-28 00:47:09', NULL),
(92, 'invoice/2021-08/1/請求書0828_094721.pdf', 9, NULL, NULL, '2021-08-28 00:47:22', NULL, '2021-08-28 00:47:22', NULL),
(93, 'invoice/2021-08/1/請求書0828_094832.pdf', 9, NULL, NULL, '2021-08-28 00:48:33', NULL, '2021-08-28 00:48:33', NULL),
(94, 'invoice/2021-08/1/請求書0828_095139.pdf', 9, NULL, NULL, '2021-08-28 00:51:40', NULL, '2021-08-28 00:51:40', NULL),
(95, 'invoice/2021-08/1/請求書0828_095303.pdf', 9, NULL, NULL, '2021-08-28 00:53:04', NULL, '2021-08-28 00:53:04', NULL),
(96, 'invoice/2021-08/1/請求書0828_095319.pdf', 9, NULL, NULL, '2021-08-28 00:53:20', NULL, '2021-08-28 00:53:20', NULL),
(97, 'invoice/2021-08/1/請求書0828_095413.pdf', 9, NULL, NULL, '2021-08-28 00:54:13', NULL, '2021-08-28 00:54:13', NULL),
(98, 'invoice/2021-08/1/請求書0828_095624.pdf', 9, NULL, NULL, '2021-08-28 00:56:25', NULL, '2021-08-28 00:56:25', NULL),
(99, 'invoice/2021-08/1/請求書0828_095648.pdf', 9, NULL, NULL, '2021-08-28 00:56:48', NULL, '2021-08-28 00:56:48', NULL),
(100, 'invoice/2021-08/1/請求書0828_095654.pdf', 9, NULL, NULL, '2021-08-28 00:56:54', NULL, '2021-08-28 00:56:54', NULL),
(101, 'invoice/2021-08/1/請求書0828_100700.pdf', 9, NULL, NULL, '2021-08-28 01:07:01', NULL, '2021-08-28 01:07:01', NULL),
(102, 'invoice/2021-08/1/請求書0828_102704.pdf', 9, NULL, NULL, '2021-08-28 01:27:05', NULL, '2021-08-28 01:27:05', NULL),
(103, 'invoice/2021-08/1/請求書0828_103817.pdf', 9, NULL, NULL, '2021-08-28 01:38:18', NULL, '2021-08-28 01:38:18', NULL),
(104, 'invoice/2021-08/1/請求書0828_105441.pdf', 10, NULL, NULL, '2021-08-28 01:54:42', 5, '2021-08-28 01:54:42', 5),
(105, 'invoice/2021-08/1/請求書0828_105600.pdf', 10, NULL, NULL, '2021-08-28 01:56:01', 5, '2021-08-28 01:56:01', 5),
(106, 'invoice/2021-08/1/請求書0828_105956.pdf', 10, NULL, NULL, '2021-08-28 01:59:57', 5, '2021-08-28 01:59:57', 5),
(107, 'invoice/2021-08/1/請求書0828_110016.pdf', 10, NULL, NULL, '2021-08-28 02:00:17', 5, '2021-08-28 02:00:17', 5),
(108, 'invoice/2021-08/1/請求書0828_110239.pdf', 10, NULL, NULL, '2021-08-28 02:02:40', 5, '2021-08-28 02:02:40', 5),
(109, 'invoice/2021-08/1/請求書0828_110256.pdf', 10, NULL, NULL, '2021-08-28 02:02:57', 5, '2021-08-28 02:02:57', 5),
(110, 'invoice/2021-08/1/請求書0828_110412.pdf', 10, NULL, NULL, '2021-08-28 02:04:13', 5, '2021-08-28 02:04:13', 5),
(111, 'invoice/2021-08/1/請求書0828_110451.pdf', 10, NULL, NULL, '2021-08-28 02:04:52', 5, '2021-08-28 02:04:52', 5),
(112, 'invoice/2021-08/1/請求書0828_110726.pdf', 10, NULL, NULL, '2021-08-28 02:07:27', 5, '2021-08-28 02:07:27', 5),
(113, 'invoice/2021-08/1/請求書0828_110805.pdf', 10, NULL, NULL, '2021-08-28 02:08:06', 5, '2021-08-28 02:08:06', 5),
(114, 'invoice/2021-08/1/請求書0828_110806.pdf', 10, NULL, NULL, '2021-08-28 02:08:07', 5, '2021-08-28 02:08:07', 5),
(115, 'invoice/2021-08/1/請求書0828_110830.pdf', 10, NULL, NULL, '2021-08-28 02:08:31', 5, '2021-08-28 02:08:31', 5),
(116, 'invoice/2021-08/1/請求書0828_110922.pdf', 10, NULL, NULL, '2021-08-28 02:09:23', 5, '2021-08-28 02:09:23', 5),
(117, 'invoice/2021-08/1/請求書0828_111009.pdf', 10, NULL, NULL, '2021-08-28 02:10:10', 5, '2021-08-28 02:10:10', 5),
(118, 'invoice/2021-08/1/請求書0828_111152.pdf', 10, NULL, NULL, '2021-08-28 02:11:53', 5, '2021-08-28 02:11:53', 5),
(119, 'invoice/2021-08/1/請求書0828_111251.pdf', 10, NULL, NULL, '2021-08-28 02:12:52', 5, '2021-08-28 02:12:52', 5),
(120, 'invoice/2021-08/1/請求書0831_062628.pdf', 10, NULL, NULL, '2021-08-30 21:26:29', 5, '2021-08-30 21:26:29', 5),
(121, 'invoice/2021-08/1/請求書0831_063327.pdf', 10, NULL, NULL, '2021-08-30 21:33:28', 5, '2021-08-30 21:33:28', 5),
(122, 'invoice/2021-08/1/請求書0831_063429.pdf', 10, NULL, NULL, '2021-08-30 21:34:30', 5, '2021-08-30 21:34:30', 5),
(123, 'invoice/2021-08/1/請求書0831_064035.pdf', 10, NULL, NULL, '2021-08-30 21:40:36', 5, '2021-08-30 21:40:36', 5),
(124, 'invoice/2021-08/1/請求書0831_064128.pdf', 10, NULL, NULL, '2021-08-30 21:41:29', 5, '2021-08-30 21:41:29', 5),
(125, 'invoice/2021-08/1/請求書0831_064839.pdf', 10, NULL, NULL, '2021-08-30 21:48:40', 5, '2021-08-30 21:48:40', 5),
(126, 'invoice/2021-08/1/請求書0831_065008.pdf', 10, NULL, NULL, '2021-08-30 21:50:09', 5, '2021-08-30 21:50:09', 5),
(127, 'invoice/2021-08/1/請求書0831_065125.pdf', 10, NULL, NULL, '2021-08-30 21:51:26', 5, '2021-08-30 21:51:26', 5),
(128, 'invoice/2021-08/1/請求書0831_065802.pdf', 10, NULL, NULL, '2021-08-30 21:58:03', NULL, '2021-08-30 21:58:03', NULL),
(129, 'invoice/2021-08/1/請求書0831_070140.pdf', 10, NULL, NULL, '2021-08-30 22:01:41', NULL, '2021-08-30 22:01:41', NULL),
(130, 'invoice/2021-08/1/請求書0831_070219.pdf', 10, NULL, NULL, '2021-08-30 22:02:20', NULL, '2021-08-30 22:02:20', NULL),
(131, 'invoice/2021-08/1/請求書0831_070248.pdf', 10, NULL, NULL, '2021-08-30 22:02:49', NULL, '2021-08-30 22:02:49', NULL),
(132, 'invoice/2021-08/1/請求書0831_070333.pdf', 10, NULL, NULL, '2021-08-30 22:03:34', NULL, '2021-08-30 22:03:34', NULL),
(133, 'invoice/2021-08/1/請求書0831_070413.pdf', 10, NULL, NULL, '2021-08-30 22:04:14', NULL, '2021-08-30 22:04:14', NULL),
(134, 'invoice/2021-08/1/請求書0831_070548.pdf', 10, NULL, NULL, '2021-08-30 22:05:49', NULL, '2021-08-30 22:05:49', NULL),
(135, 'invoice/2021-08/1/請求書0831_070735.pdf', 10, NULL, NULL, '2021-08-30 22:07:36', NULL, '2021-08-30 22:07:36', NULL),
(136, 'invoice/2021-08/1/請求書0831_073827.pdf', 10, NULL, NULL, '2021-08-30 22:38:28', 5, '2021-08-30 22:38:28', 5),
(137, 'invoice/2021-08/1/請求書0831_122602.pdf', 10, NULL, NULL, '2021-08-31 03:26:03', 5, '2021-08-31 03:26:03', 5),
(138, 'invoice/2021-08/1/請求書0831_143137.pdf', 10, NULL, NULL, '2021-08-31 05:31:39', 5, '2021-08-31 05:31:39', 5),
(139, 'invoice/2021-08/1/請求書0831_191402.pdf', 10, NULL, NULL, '2021-08-31 10:14:03', NULL, '2021-08-31 10:14:03', NULL),
(140, 'invoice/2021-08/1/請求書0831_192207.pdf', 10, NULL, NULL, '2021-08-31 10:22:08', NULL, '2021-08-31 10:22:08', NULL),
(141, 'invoice/2021-08/1/請求書0831_192934.pdf', 10, NULL, NULL, '2021-08-31 10:29:35', 5, '2021-08-31 10:29:35', 5),
(142, 'invoice/2021-09/1/請求書0901_002459.pdf', 10, NULL, NULL, '2021-08-31 15:25:00', 5, '2021-08-31 15:25:00', 5),
(143, 'invoice/2021-09/1/請求書0901_002632.pdf', 10, NULL, NULL, '2021-08-31 15:26:34', 5, '2021-08-31 15:26:34', 5),
(144, 'invoice/2021-09/1/請求書0901_003035.pdf', 10, NULL, NULL, '2021-08-31 15:30:36', 5, '2021-08-31 15:30:36', 5),
(145, 'invoice/2021-09/1/請求書0901_003336.pdf', 10, NULL, NULL, '2021-08-31 15:33:38', 5, '2021-08-31 15:33:38', 5),
(146, 'invoice/2021-09/1/請求書0902_125130.pdf', 10, NULL, NULL, '2021-09-02 03:51:31', 5, '2021-09-02 03:51:31', 5),
(147, 'invoice/2021-09/1/請求書0902_125203.pdf', 10, NULL, NULL, '2021-09-02 03:52:04', 5, '2021-09-02 03:52:04', 5),
(148, 'invoice/2021-09/1/請求書0902_125242.pdf', 10, NULL, NULL, '2021-09-02 03:52:43', 5, '2021-09-02 03:52:43', 5),
(149, 'invoice/2021-09/1/請求書0902_125332.pdf', 10, NULL, NULL, '2021-09-02 03:53:32', 5, '2021-09-02 03:53:32', 5),
(150, 'invoice/2021-09/1/請求書0902_125348.pdf', 10, NULL, NULL, '2021-09-02 03:53:49', 5, '2021-09-02 03:53:49', 5),
(151, 'invoice/2021-09/1/請求書0902_125429.pdf', 10, NULL, NULL, '2021-09-02 03:54:30', 5, '2021-09-02 03:54:30', 5),
(152, 'invoice/2021-09/1/請求書0902_130015.pdf', 10, NULL, NULL, '2021-09-02 04:00:16', 5, '2021-09-02 04:00:16', 5),
(153, 'invoice/2021-09/1/請求書0902_130104.pdf', 10, NULL, NULL, '2021-09-02 04:01:04', 5, '2021-09-02 04:01:04', 5),
(154, 'invoice/2021-09/1/請求書0902_130139.pdf', 10, NULL, NULL, '2021-09-02 04:01:40', 5, '2021-09-02 04:01:40', 5),
(155, 'invoice/2021-09/1/請求書0902_130335.pdf', 10, NULL, NULL, '2021-09-02 04:03:36', 5, '2021-09-02 04:03:36', 5),
(156, 'invoice/2021-09/1/請求書0902_130554.pdf', 10, NULL, NULL, '2021-09-02 04:05:55', 5, '2021-09-02 04:05:55', 5),
(157, 'invoice/2021-09/1/請求書0902_130633.pdf', 10, NULL, NULL, '2021-09-02 04:06:33', 5, '2021-09-02 04:06:33', 5),
(158, 'invoice/2021-09/1/請求書0902_130737.pdf', 10, NULL, NULL, '2021-09-02 04:07:38', 5, '2021-09-02 04:07:38', 5),
(159, 'invoice/2021-09/1/請求書0902_130839.pdf', 10, NULL, NULL, '2021-09-02 04:08:39', 5, '2021-09-02 04:08:39', 5),
(160, 'invoice/2021-09/1/請求書0902_131005.pdf', 10, NULL, NULL, '2021-09-02 04:10:06', 5, '2021-09-02 04:10:06', 5),
(161, 'invoice/2021-09/1/請求書0902_131112.pdf', 10, NULL, NULL, '2021-09-02 04:11:13', 5, '2021-09-02 04:11:13', 5),
(162, 'invoice/2021-09/1/請求書0914_141306.pdf', 10, NULL, NULL, '2021-09-14 05:13:07', 5, '2021-09-14 05:13:07', 5),
(163, 'invoice/2021-09/1/請求書0914_141504.pdf', 10, NULL, NULL, '2021-09-14 05:15:05', 5, '2021-09-14 05:15:05', 5),
(164, 'invoice/2021-09/1/請求書0914_141528.pdf', 10, NULL, NULL, '2021-09-14 05:15:29', 5, '2021-09-14 05:15:29', 5),
(165, 'invoice/2021-09/1/請求書0914_141617.pdf', 10, NULL, NULL, '2021-09-14 05:16:18', 5, '2021-09-14 05:16:18', 5),
(166, 'invoice/2021-09/1/請求書0914_141635.pdf', 10, NULL, NULL, '2021-09-14 05:16:36', 5, '2021-09-14 05:16:36', 5),
(167, 'invoice/2021-09/1/請求書0914_141656.pdf', 10, NULL, NULL, '2021-09-14 05:16:57', 5, '2021-09-14 05:16:57', 5),
(168, 'invoice/2021-09/1/請求書0914_141704.pdf', 10, NULL, NULL, '2021-09-14 05:17:05', 5, '2021-09-14 05:17:05', 5),
(169, 'invoice/2021-09/1/請求書0914_141737.pdf', 10, NULL, NULL, '2021-09-14 05:17:38', 5, '2021-09-14 05:17:38', 5),
(170, 'invoice/2021-09/1/請求書0915_094815.pdf', 10, NULL, NULL, '2021-09-15 00:48:17', NULL, '2021-09-15 00:48:17', NULL),
(171, 'invoice/2021-09/1/請求書0921_145039.pdf', 10, NULL, NULL, '2021-09-21 05:50:40', 5, '2021-09-21 05:50:40', 5),
(172, 'invoice/2021-09/1/請求書0921_145721.pdf', 10, NULL, NULL, '2021-09-21 05:57:22', 5, '2021-09-21 05:57:22', 5),
(173, 'invoice/2021-11/3/請求書1103_031326.pdf', 12, NULL, NULL, '2021-11-02 18:13:27', NULL, '2021-11-02 18:13:27', NULL),
(174, 'invoice/2021-11/1/請求書1103_031358.pdf', 7, NULL, NULL, '2021-11-02 18:13:59', NULL, '2021-11-02 18:13:59', NULL),
(175, 'invoice/2021-11/1/請求書1103_031359.pdf', 8, NULL, NULL, '2021-11-02 18:14:00', NULL, '2021-11-02 18:14:00', NULL),
(176, 'invoice/2021-11/1/請求書1103_031400.pdf', 9, NULL, NULL, '2021-11-02 18:14:01', NULL, '2021-11-02 18:14:01', NULL),
(177, 'invoice/2021-11/1/請求書1103_031522.pdf', 7, NULL, NULL, '2021-11-02 18:15:23', NULL, '2021-11-02 18:15:23', NULL),
(178, 'invoice/2021-11/1/請求書1103_031523.pdf', 8, NULL, NULL, '2021-11-02 18:15:24', NULL, '2021-11-02 18:15:24', NULL),
(179, 'invoice/2021-11/1/請求書1103_031524.pdf', 9, NULL, NULL, '2021-11-02 18:15:25', NULL, '2021-11-02 18:15:25', NULL),
(180, 'invoice/2021-11/1/請求書1103_031540.pdf', 7, NULL, NULL, '2021-11-02 18:15:41', NULL, '2021-11-02 18:15:41', NULL),
(181, 'invoice/2021-11/1/請求書1103_031541.pdf', 8, NULL, NULL, '2021-11-02 18:15:42', NULL, '2021-11-02 18:15:42', NULL),
(182, 'invoice/2021-11/1/請求書1103_031542.pdf', 9, NULL, NULL, '2021-11-02 18:15:43', NULL, '2021-11-02 18:15:43', NULL),
(183, 'invoice/2021-11/1/請求書1103_031703.pdf', 7, NULL, NULL, '2021-11-02 18:17:04', NULL, '2021-11-02 18:17:04', NULL),
(184, 'invoice/2021-11/1/請求書1103_031704.pdf', 8, NULL, NULL, '2021-11-02 18:17:05', NULL, '2021-11-02 18:17:05', NULL),
(185, 'invoice/2021-11/1/請求書1103_031705.pdf', 9, NULL, NULL, '2021-11-02 18:17:06', NULL, '2021-11-02 18:17:06', NULL),
(186, 'invoice/2021-11/1/請求書1103_031710.pdf', 7, NULL, NULL, '2021-11-02 18:17:10', NULL, '2021-11-02 18:17:10', NULL),
(187, 'invoice/2021-11/1/請求書1103_031710.pdf', 8, NULL, NULL, '2021-11-02 18:17:11', NULL, '2021-11-02 18:17:11', NULL),
(188, 'invoice/2021-11/1/請求書1103_031711.pdf', 9, NULL, NULL, '2021-11-02 18:17:12', NULL, '2021-11-02 18:17:12', NULL),
(189, 'invoice/2021-11/1/請求書1103_031932.pdf', 7, NULL, NULL, '2021-11-02 18:19:33', NULL, '2021-11-02 18:19:33', NULL),
(190, 'invoice/2021-11/1/請求書1103_031933.pdf', 8, NULL, NULL, '2021-11-02 18:19:34', NULL, '2021-11-02 18:19:34', NULL),
(191, 'invoice/2021-11/1/請求書1103_031934.pdf', 9, NULL, NULL, '2021-11-02 18:19:35', NULL, '2021-11-02 18:19:35', NULL),
(192, 'invoice/2021-11/3/請求書1103_031935.pdf', 12, NULL, NULL, '2021-11-02 18:19:36', NULL, '2021-11-02 18:19:36', NULL),
(193, 'invoice/2021-11/1/請求書1103_031936.pdf', 13, NULL, NULL, '2021-11-02 18:19:37', NULL, '2021-11-02 18:19:37', NULL),
(194, 'invoice/2021-11/1/請求書1103_031946.pdf', 7, NULL, NULL, '2021-11-02 18:19:47', NULL, '2021-11-02 18:19:47', NULL),
(195, 'invoice/2021-11/1/請求書1103_031947.pdf', 8, NULL, NULL, '2021-11-02 18:19:48', NULL, '2021-11-02 18:19:48', NULL),
(196, 'invoice/2021-11/1/請求書1103_031948.pdf', 9, NULL, NULL, '2021-11-02 18:19:49', NULL, '2021-11-02 18:19:49', NULL),
(197, 'invoice/2021-11/3/請求書1103_031949.pdf', 12, NULL, NULL, '2021-11-02 18:19:50', NULL, '2021-11-02 18:19:50', NULL),
(198, 'invoice/2021-11/1/請求書1103_031950.pdf', 13, NULL, NULL, '2021-11-02 18:19:51', NULL, '2021-11-02 18:19:51', NULL);

INSERT INTO `payments` (`id`, `invoice_id`, `payment_date`, `created_at`, `created_by`, `updated_at`, `updated_by`, `deleted_at`, `deleted_by`, `deposit_amount`, `payments_class`, `staff_id`, `remarks`) VALUES
(1, 7, '2021-07-07', '2021-07-27 17:42:37', 1, '2021-10-19 19:02:29', 1, '2021-10-19 19:02:29', NULL, '1000', '４　小切手', 1, 'test'),
(2, 8, '2021-08-05', '2021-08-05 13:48:15', NULL, '2021-10-19 19:05:00', NULL, '2021-10-19 19:05:00', NULL, '12000', '４　小切手', 1, '1'),
(3, 8, '2021-08-04', '2021-08-12 01:44:19', NULL, '2021-10-19 19:05:00', NULL, '2021-10-19 19:05:00', NULL, '20000', '４　小切手', 1, 'test'),
(4, 8, '2021-09-10', '2021-09-11 00:33:34', 5, '2021-10-19 19:05:00', 5, '2021-10-19 19:05:00', NULL, '2222', '４　小切手', NULL, NULL),
(5, 10, '2021-09-01', '2021-09-21 06:46:26', 5, '2021-10-19 19:04:44', 5, '2021-10-19 19:04:44', NULL, '111', '１　振込', NULL, NULL),
(6, 9, '2021-10-07', '2021-10-19 19:05:56', 5, '2021-10-19 19:05:56', 5, NULL, NULL, '1', '４　小切手', NULL, NULL),
(7, 9, '2021-11-03', '2021-11-12 10:49:43', 1, '2021-11-12 10:49:43', 1, NULL, NULL, '1111111', '９　消費税差額', 1, NULL),
(8, 9, '2021-10-07', '2021-11-18 14:31:56', 5, '2021-11-18 14:31:56', 5, NULL, NULL, '11111', '９　消費税差額', 1, NULL);

INSERT INTO `shipments` (`id`, `subject`, `account_id`, `delivery_destination_id`, `sales_employee_id`, `delivery_employee_id`, `remarks`, `sales_date`, `ship_date`, `status`, `individual_invoice_flg`, `created_at`, `created_by`, `updated_at`, `updated_by`, `invoice_id`, `deleted_at`, `deleted_by`, `cash_receipt`, `tax`, `subtotal`) VALUES
(1, NULL, 1, 1, 1, 1, NULL, '2021-07-27', NULL, NULL, 0, '2021-07-27 07:52:54', NULL, '2021-10-19 19:02:29', 5, NULL, NULL, NULL, 0, '0', '2000'),
(2, NULL, 2, 2, 2, 2, NULL, '2021-07-28', NULL, NULL, 0, '2021-07-27 15:55:52', 1, '2021-07-27 15:55:52', 1, NULL, NULL, NULL, 0, NULL, NULL),
(3, NULL, 1, 4, 1, 1, NULL, '2021-07-28', NULL, NULL, 0, '2021-07-27 17:38:32', 1, '2021-10-19 19:02:29', 5, NULL, NULL, NULL, 0, '0', '1000'),
(4, NULL, 1, 4, 4, 4, NULL, '2021-07-28', NULL, NULL, 0, '2021-07-28 09:25:07', NULL, '2021-10-19 19:05:00', 5, NULL, NULL, NULL, 0, '0', '1000'),
(5, NULL, 1, 4, 4, 4, NULL, '2021-08-05', NULL, '出荷済', 0, '2021-08-03 16:59:32', NULL, '2021-09-21 07:11:32', 5, 9, NULL, NULL, 0, '80', '3000'),
(7, NULL, 1, 4, 4, 4, NULL, '2021-08-05', NULL, '出荷済', 0, '2021-08-05 14:13:35', 4, '2021-09-21 07:11:33', 5, 9, NULL, NULL, 0, '0', '0'),
(8, NULL, 1, 4, 4, 4, NULL, '2021-08-05', NULL, NULL, 0, '2021-08-05 14:14:09', 4, '2021-09-21 07:11:33', 5, 9, NULL, NULL, 0, '0', '0'),
(9, NULL, 1, 4, 4, 4, NULL, '2021-08-05', NULL, NULL, 0, '2021-08-05 14:15:05', 4, '2021-09-21 07:11:33', 5, 9, NULL, NULL, 0, '0', '0'),
(12, NULL, 1, 4, 5, 5, NULL, '2021-08-24', NULL, NULL, 0, '2021-08-23 19:57:10', 5, '2021-09-21 07:11:33', 5, NULL, NULL, NULL, 0, '0', '1'),
(13, NULL, 1, NULL, 5, 5, NULL, '2021-08-26', NULL, NULL, 0, '2021-08-25 22:33:25', 5, '2021-08-25 22:33:25', 5, NULL, NULL, NULL, 0, NULL, NULL),
(14, NULL, 1, 4, 5, 5, NULL, '2021-08-26', NULL, '請求済', 0, '2021-08-25 22:34:17', 5, '2021-11-02 18:19:11', 5, 13, NULL, NULL, 0, '0', '0'),
(15, NULL, 1, NULL, 5, 5, NULL, '2021-08-26', NULL, NULL, 0, '2021-08-25 22:35:07', 5, '2021-08-25 22:35:07', 5, NULL, NULL, NULL, 0, NULL, NULL),
(16, NULL, 1, 4, 5, 5, NULL, '2021-08-28', NULL, '請求済', 0, '2021-08-28 01:39:32', NULL, '2021-11-02 18:19:11', 5, 13, NULL, NULL, 0, '0', '1000'),
(17, NULL, 1, 5, 5, 5, NULL, '2021-08-28', NULL, NULL, 0, '2021-08-28 01:40:18', NULL, '2021-11-02 18:19:11', 5, 13, NULL, NULL, 0, '119', '1481'),
(18, NULL, 1, 5, 5, 5, NULL, '2021-09-01', NULL, '出荷済', 0, '2021-09-01 07:34:13', NULL, '2021-11-02 18:19:11', NULL, 13, NULL, NULL, 0, '400', '5000'),
(19, NULL, 1, 5, 5, 5, NULL, '2021-09-04', NULL, NULL, 0, '2021-09-03 21:18:44', 5, '2021-11-02 18:19:11', 5, 13, NULL, NULL, 0, '0', '3000'),
(20, NULL, 1, 5, 5, 5, NULL, '2021-09-04', NULL, NULL, 0, '2021-09-03 21:20:38', 5, '2021-11-02 18:19:11', 5, 13, NULL, NULL, 0, '0', '0'),
(21, NULL, 1, 4, 5, 5, NULL, '2021-09-06', NULL, NULL, 0, '2021-09-06 05:10:36', NULL, '2021-11-02 18:19:11', NULL, 13, NULL, NULL, 0, '0', '2000'),
(22, NULL, 1, 4, 5, 5, NULL, '2021-09-06', NULL, NULL, 0, '2021-09-06 05:10:48', NULL, '2021-09-06 05:10:48', NULL, NULL, NULL, NULL, 0, NULL, NULL),
(23, NULL, 1, 4, 5, 5, NULL, '2021-09-06', NULL, NULL, 0, '2021-09-06 05:12:30', 5, '2021-09-06 05:12:30', 5, NULL, NULL, NULL, 0, NULL, NULL),
(24, NULL, 1, 4, 5, 5, NULL, '2021-09-06', NULL, NULL, 0, '2021-09-06 05:12:35', 5, '2021-09-06 05:12:35', 5, NULL, NULL, NULL, 0, NULL, NULL),
(25, NULL, 1, 4, 5, 5, NULL, '2021-09-06', NULL, NULL, 0, '2021-09-06 05:17:38', 5, '2021-09-06 05:17:38', 5, NULL, NULL, NULL, 0, NULL, NULL),
(26, NULL, 1, 4, 5, 5, NULL, '2021-09-06', NULL, NULL, 0, '2021-09-06 05:17:41', 5, '2021-09-06 05:17:41', 5, NULL, NULL, NULL, 0, NULL, NULL),
(27, NULL, 1, 4, 5, 5, NULL, '2021-09-06', NULL, NULL, 0, '2021-09-06 05:18:17', 5, '2021-09-06 05:18:17', 5, NULL, NULL, NULL, 0, NULL, NULL),
(28, NULL, 1, 4, 5, 5, NULL, '2021-09-06', NULL, NULL, 0, '2021-09-06 05:19:37', 5, '2021-09-06 05:19:37', 5, NULL, NULL, NULL, 0, NULL, NULL),
(29, NULL, 1, 4, 5, 5, NULL, '2021-09-06', NULL, NULL, 0, '2021-09-06 05:19:55', 5, '2021-09-06 05:19:55', 5, NULL, NULL, NULL, 0, NULL, NULL),
(30, NULL, 1, 4, 5, 5, NULL, '2021-09-06', NULL, NULL, 0, '2021-09-06 05:21:43', 5, '2021-09-06 05:21:43', 5, NULL, NULL, NULL, 0, NULL, NULL),
(31, NULL, 1, 4, 5, 5, NULL, '2021-09-06', NULL, NULL, 0, '2021-09-06 05:21:46', 5, '2021-09-06 05:21:46', 5, NULL, NULL, NULL, 0, NULL, NULL),
(32, NULL, 1, 4, 5, 5, NULL, '2021-09-06', NULL, '出荷済', 0, '2021-09-06 05:21:57', 5, '2021-11-02 18:19:11', 5, 13, NULL, NULL, 0, '80', '1000'),
(33, NULL, 1, 4, 5, 5, NULL, '2021-09-06', NULL, NULL, 0, '2021-09-06 05:22:01', 5, '2021-09-10 00:00:08', 5, NULL, '2021-09-10 00:00:08', NULL, 0, NULL, NULL),
(34, NULL, 1, 4, 5, 5, NULL, NULL, NULL, NULL, 0, '2021-09-06 05:22:59', 5, '2021-09-10 00:00:01', 5, NULL, '2021-09-10 00:00:01', NULL, 0, NULL, NULL),
(35, NULL, 1, 4, 5, 5, NULL, NULL, NULL, NULL, 0, '2021-09-06 05:23:04', 5, '2021-09-09 23:59:56', 5, NULL, '2021-09-09 23:59:56', NULL, 0, NULL, NULL),
(36, NULL, 1, 4, 5, 5, NULL, NULL, NULL, NULL, 0, '2021-09-06 05:23:08', 5, '2021-09-09 23:57:36', 5, NULL, '2021-09-09 23:57:36', NULL, 0, NULL, NULL),
(37, NULL, 1, 5, 5, 5, NULL, '2021-09-21', NULL, '出荷済', 0, '2021-09-21 03:39:12', NULL, '2021-11-02 18:19:11', NULL, 13, NULL, NULL, 0, '0', '1000'),
(38, NULL, 1, 5, 5, 5, NULL, '2021-09-21', NULL, NULL, 0, '2021-09-21 03:59:30', NULL, '2021-11-02 18:19:11', NULL, 13, NULL, NULL, 0, '463', '8777'),
(39, NULL, 1, 5, 5, 5, NULL, '2021-09-21', NULL, NULL, 0, '2021-09-21 05:32:34', 5, '2021-11-02 18:19:11', 5, 13, NULL, NULL, 0, '0', '1000'),
(40, NULL, 1, 5, 5, 5, NULL, '2021-09-21', NULL, NULL, 0, '2021-09-21 05:33:25', 5, '2021-11-02 18:19:11', 5, 13, NULL, NULL, 0, '0', '1000'),
(41, NULL, 1, 5, 5, 5, NULL, '2021-09-21', NULL, NULL, 0, '2021-09-21 05:33:56', NULL, '2021-11-02 18:19:11', NULL, 13, NULL, NULL, 0, '0', '3000'),
(42, NULL, 1, 5, 5, 5, NULL, '2021-09-21', NULL, NULL, 0, '2021-09-21 05:37:46', 5, '2021-11-02 18:19:11', 5, 13, NULL, NULL, 0, '0', '3000'),
(43, NULL, 1, 2, 1, 1, '1sqsaassa', '2021-11-02', NULL, '出荷済', 0, '2021-11-01 11:05:20', 1, '2021-11-01 11:10:29', 1, NULL, NULL, NULL, 1, '99999999', '99999999'),
(44, NULL, 1, 5, 1, 1, NULL, '2021-11-01', NULL, NULL, 0, '2021-11-01 11:08:22', 1, '2021-11-01 11:08:22', 1, NULL, NULL, NULL, 0, '0', '1004'),
(45, NULL, 1, 5, 1, 1, NULL, '2021-11-01', NULL, '出荷済', 0, '2021-11-01 11:09:04', 1, '2021-11-01 11:09:22', 1, NULL, NULL, NULL, 0, '0', '9'),
(47, NULL, 1, 5, 1, 1, NULL, '2021-11-11', NULL, NULL, 0, '2021-11-11 01:17:50', 1, '2021-11-11 01:17:50', 1, NULL, NULL, NULL, 0, '0', '1000'),
(48, NULL, 1, 5, 12, 1, NULL, '2021-11-11', NULL, NULL, 0, '2021-11-11 01:19:11', 1, '2021-11-11 01:19:11', 1, NULL, NULL, NULL, 0, '0', '1000'),
(49, NULL, 1, 5, 12, 12, NULL, '2021-11-11', NULL, NULL, 0, '2021-11-11 01:20:25', 1, '2021-11-11 01:20:25', 1, NULL, NULL, NULL, 0, '0', '2000'),
(50, NULL, 1, 5, 5, 5, '2021-12-08test', '2015-02-26', NULL, NULL, 0, '2021-12-09 14:19:27', NULL, '2021-12-09 14:51:08', NULL, 29, NULL, NULL, 0, '0', '1000'),
(51, NULL, 1, 5, 5, 5, '2021-12-08test', '2015-02-19', NULL, NULL, 0, '2021-12-09 14:21:20', 5, '2021-12-09 14:51:08', 5, 29, NULL, NULL, 0, '0', '1111');

INSERT INTO `shipment_line_items` (`id`, `shipment_id`, `product_id`, `unit_price`, `tax`, `quantity`, `TaxType`, `created_at`, `created_by`, `updated_at`, `updated_by`, `deleted_at`, `deleted_by`) VALUES
(1, 1, 1, '1000', '0', '2', '非課税', '2021-07-27 07:52:54', NULL, '2021-09-21 07:11:32', NULL, NULL, NULL),
(2, 3, 1, '1000', '0', '1', '非課税', '2021-07-27 17:38:32', 1, '2021-09-21 07:11:32', 1, NULL, NULL),
(3, 4, 1, '1000', '0', '1', '非課税', '2021-07-28 09:25:07', NULL, '2021-09-21 07:11:32', NULL, NULL, NULL),
(4, 5, 1, '1000', '0', '1', '外税', '2021-08-03 17:14:20', 4, '2021-08-05 14:07:12', 4, '2021-08-05 14:07:12', NULL),
(5, 5, 1, '2000', '0', '1', '非課税', '2021-08-03 17:14:20', 4, '2021-08-05 14:07:12', 4, '2021-08-05 14:07:12', NULL),
(6, 5, 1, '1000', '0', '1', '外税', '2021-08-05 14:07:12', 4, '2021-09-21 07:11:32', 4, NULL, NULL),
(7, 5, 1, '2000', '0', '1', '非課税', '2021-08-05 14:07:12', 4, '2021-09-21 07:11:32', 4, NULL, NULL),
(8, 7, 1, '1000', '0', '1', '非課税', '2021-08-05 14:13:35', 4, '2021-08-05 14:13:44', 4, '2021-08-05 14:13:44', NULL),
(9, 7, 1, '1000', '0', '0', '非課税', '2021-08-05 14:13:44', 4, '2021-09-21 07:11:33', 4, NULL, NULL),
(10, 8, 1, '1000', '0', NULL, '非課税', '2021-08-05 14:14:09', 4, '2021-09-21 07:11:33', 4, NULL, NULL),
(11, 9, 1, '1000', '0', NULL, '非課税', '2021-08-05 14:15:05', 4, '2021-09-21 07:11:33', 4, NULL, NULL),
(12, 12, 1, '1', '0', '1', '外税', '2021-08-23 19:57:10', 5, '2021-09-21 07:11:33', 5, NULL, NULL),
(13, 14, 1, '1000', '0', NULL, '非課税', '2021-08-25 22:34:17', 5, '2021-09-21 05:47:22', 5, '2021-09-21 05:47:22', NULL),
(14, 16, 1, '1000', '0', '1', '非課税', '2021-08-28 01:39:32', NULL, '2021-09-21 05:45:03', NULL, '2021-09-21 05:45:03', NULL),
(15, 17, 2, '400', '0', '4', '内税', '2021-08-28 01:40:18', NULL, '2021-09-21 07:11:33', NULL, NULL, NULL),
(16, 18, 1, '1000', '0', '1', '非課税', '2021-09-01 07:34:13', NULL, '2021-09-01 07:34:35', NULL, '2021-09-01 07:34:35', NULL),
(17, 18, 1, '1000', '0', '5', NULL, '2021-09-01 07:34:35', NULL, '2021-09-21 07:11:33', NULL, NULL, NULL),
(18, 19, 1, '1000', '0', '3', '非課税', '2021-09-03 21:18:44', 5, '2021-09-21 07:11:33', 5, NULL, NULL),
(19, 20, 1, '1000', '0', NULL, '非課税', '2021-09-03 21:20:38', 5, '2021-09-21 07:11:33', 5, NULL, NULL),
(20, 21, 1, '1000', '0', '2', '非課税', '2021-09-06 05:10:36', NULL, '2021-09-21 07:11:33', NULL, NULL, NULL),
(21, 37, 1, '1000', '0', '1', '非課税', '2021-09-21 03:39:12', NULL, '2021-09-21 05:16:59', NULL, '2021-09-21 05:16:59', NULL),
(22, 38, 1, '1000', '0', '3', '非課税', '2021-09-21 03:59:30', NULL, '2021-09-21 07:11:33', NULL, NULL, NULL),
(23, 38, 1, '1000', '0', '3', '外税', '2021-09-21 03:59:30', NULL, '2021-09-21 07:11:33', NULL, NULL, NULL),
(24, 38, 1, '1000', '0', '3', '内税', '2021-09-21 03:59:30', NULL, '2021-09-21 07:11:33', NULL, NULL, NULL),
(25, 37, 1, '1000', '0', '1', '非課税', '2021-09-21 05:16:59', NULL, '2021-09-21 07:11:33', NULL, NULL, NULL),
(26, 32, 1, '1000', '0', '1', NULL, '2021-09-21 05:17:17', NULL, '2021-09-21 07:11:33', NULL, NULL, NULL),
(27, 39, 1, '1000', '0', '1', '非課税', '2021-09-21 05:32:34', 5, '2021-09-21 07:11:33', 5, NULL, NULL),
(28, 40, 1, '1000', '0', '1', '非課税', '2021-09-21 05:33:25', 5, '2021-09-21 07:11:33', 5, NULL, NULL),
(29, 41, 1, '1000', '0', '3', '非課税', '2021-09-21 05:33:56', NULL, '2021-09-21 07:11:33', NULL, NULL, NULL),
(30, 42, 1, '1000', '0', '3', '非課税', '2021-09-21 05:37:46', 5, '2021-09-21 07:11:33', 5, NULL, NULL),
(31, 16, 1, '1000', '0', '1', '非課税', '2021-09-21 05:45:03', 5, '2021-09-21 07:11:33', 5, NULL, NULL),
(32, 14, 1, '1000', '0', NULL, '非課税', '2021-09-21 05:47:22', 5, '2021-09-21 07:11:33', 5, NULL, NULL),
(33, 43, 1, '1000', '0', '4', '非課税', '2021-11-01 11:05:20', 1, '2021-11-01 11:05:37', 1, '2021-11-01 11:05:37', NULL),
(34, 43, 2, '1000', '0', '4', '非課税', '2021-11-01 11:05:20', 1, '2021-11-01 11:05:37', 1, '2021-11-01 11:05:37', NULL),
(35, 43, 1, '1000', '0', '42', '非課税', '2021-11-01 11:05:37', 1, '2021-11-01 11:05:51', 1, '2021-11-01 11:05:51', NULL),
(36, 43, 2, '1000', '0', '4', '非課税', '2021-11-01 11:05:37', 1, '2021-11-01 11:05:51', 1, '2021-11-01 11:05:51', NULL),
(37, 43, 1, '1000', '0', '421', '非課税', '2021-11-01 11:05:51', 1, '2021-11-01 11:06:02', 1, '2021-11-01 11:06:02', NULL),
(38, 43, 2, '1000', '0', '4', '非課税', '2021-11-01 11:05:51', 1, '2021-11-01 11:06:02', 1, '2021-11-01 11:06:02', NULL),
(39, 43, 1, '1000', '0', '421', '非課税', '2021-11-01 11:06:02', 1, '2021-11-01 11:06:20', 1, '2021-11-01 11:06:20', NULL),
(40, 43, 2, '1000', '0', '4', '非課税', '2021-11-01 11:06:02', 1, '2021-11-01 11:06:20', 1, '2021-11-01 11:06:20', NULL),
(41, 43, 1, '1000', '0', '421', '非課税', '2021-11-01 11:06:20', 1, '2021-11-01 11:06:27', 1, '2021-11-01 11:06:27', NULL),
(42, 43, 2, '1000', '0', '0', '非課税', '2021-11-01 11:06:20', 1, '2021-11-01 11:06:27', 1, '2021-11-01 11:06:27', NULL),
(43, 43, 1, '1000', '0', '421', '非課税', '2021-11-01 11:06:27', 1, '2021-11-01 11:06:46', 1, '2021-11-01 11:06:46', NULL),
(44, 43, 2, '1000', '0', '1', '非課税', '2021-11-01 11:06:27', 1, '2021-11-01 11:06:46', 1, '2021-11-01 11:06:46', NULL),
(45, 43, 1, '1000', '0', '421', '非課税', '2021-11-01 11:06:46', 1, '2021-11-01 11:07:03', 1, '2021-11-01 11:07:03', NULL),
(46, 43, 2, '1000', '0', '1', '非課税', '2021-11-01 11:06:46', 1, '2021-11-01 11:07:03', 1, '2021-11-01 11:07:03', NULL),
(47, 43, 1, '1000', '0', '42', '非課税', '2021-11-01 11:07:03', 1, '2021-11-01 11:10:18', 1, '2021-11-01 11:10:18', NULL),
(48, 43, 2, '1000', '0', '1', '非課税', '2021-11-01 11:07:03', 1, '2021-11-01 11:10:18', 1, '2021-11-01 11:10:18', NULL),
(49, 44, 1, '1000', '0', '1', '非課税', '2021-11-01 11:08:22', 1, '2021-11-01 11:08:22', 1, NULL, NULL),
(50, 44, 2, '4', '0', '1', '非課税', '2021-11-01 11:08:22', 1, '2021-11-01 11:08:22', 1, NULL, NULL),
(51, 45, 2, '3', '0', '5', '非課税', '2021-11-01 11:09:04', 1, '2021-11-01 11:09:22', 1, '2021-11-01 11:09:22', NULL),
(52, 45, 2, '3', '0', '3', '非課税', '2021-11-01 11:09:22', 1, '2021-11-01 11:09:22', 1, NULL, NULL),
(53, 43, 1, '1000', '0', '42', '非課税', '2021-11-01 11:10:18', 1, '2021-11-01 11:10:29', 1, '2021-11-01 11:10:29', NULL),
(54, 43, 2, '1000', '0', '1', '非課税', '2021-11-01 11:10:18', 1, '2021-11-01 11:10:29', 1, '2021-11-01 11:10:29', NULL),
(55, 43, 1, '1000', '0', '99999999', '外税', '2021-11-01 11:10:29', 1, '2021-11-01 11:10:29', 1, NULL, NULL),
(56, 43, 2, '1000', '0', '1', '非課税', '2021-11-01 11:10:29', 1, '2021-11-01 11:10:29', 1, NULL, NULL),
(57, 47, 1, '1000', '0', '1', '非課税', '2021-11-11 01:17:50', 1, '2021-11-11 01:17:50', 1, NULL, NULL),
(58, 47, 2, NULL, '0', '2', '非課税', '2021-11-11 01:17:50', 1, '2021-11-11 01:17:50', 1, NULL, NULL),
(59, 48, 1, '1000', '0', '1', '非課税', '2021-11-11 01:19:11', 1, '2021-11-11 01:19:11', 1, NULL, NULL),
(60, 48, 2, NULL, '0', '2', '非課税', '2021-11-11 01:19:11', 1, '2021-11-11 01:19:11', 1, NULL, NULL),
(61, 49, 1, '1000', '0', '2', '非課税', '2021-11-11 01:20:25', 1, '2021-11-11 01:20:25', 1, NULL, NULL),
(62, 50, 1, '1000', '0', '1', '非課税', '2021-12-09 14:19:27', NULL, '2021-12-09 14:19:27', NULL, NULL, NULL),
(63, 51, 2, '1111', '0', '1', '非課税', '2021-12-09 14:21:20', 5, '2021-12-09 14:21:20', 5, NULL, NULL);

INSERT INTO `takeouts` (`id`, `take_out_staff_id`, `take_out_date`, `created_at`, `updated_at`, `created_by`, `updated_by`, `deleted_by`, `deleted_at`) VALUES
(4, 1, '2021-11-02', '2021-11-02 12:55:11', '2021-11-02 12:55:11', 1, 1, NULL, NULL),
(5, 1, '2021-11-02', '2021-11-02 12:58:36', '2021-11-02 12:58:36', 1, 1, NULL, NULL),
(6, 1, '2021-11-01', '2021-11-02 17:02:21', '2021-11-02 17:02:21', NULL, NULL, NULL, NULL),
(7, 12, '2021-11-01', '2021-11-03 02:49:59', '2021-11-03 02:49:59', 1, 1, NULL, NULL),
(8, 1, '2021-11-03', '2021-11-03 03:13:09', '2021-11-03 03:13:09', 1, 1, NULL, NULL),
(9, 1, '2021-11-11', '2021-11-11 01:16:40', '2021-11-11 01:16:40', 1, 1, NULL, NULL),
(10, 12, '2021-11-11', '2021-11-11 01:19:37', '2021-11-11 01:19:37', 1, 1, NULL, NULL),
(11, 5, '2021-11-18', '2021-11-18 09:55:40', '2021-11-18 09:55:40', 5, 5, NULL, NULL);

INSERT INTO `takeout_details` (`id`, `take_out_id`, `product_id`, `quantity`, `created_at`, `updated_at`, `created_by`, `updated_by`, `deleted_by`, `deleted_at`) VALUES
(4, 0, 1, 2, '2021-11-02 12:55:11', '2021-11-02 12:55:11', 1, 1, NULL, NULL),
(5, 5, 1, 2, '2021-11-02 12:58:36', '2021-11-02 13:43:02', 1, 1, NULL, '2021-11-02 13:43:02'),
(6, 5, 1, 22, '2021-11-02 13:43:02', '2021-11-02 13:43:02', 1, 1, NULL, NULL),
(7, 6, 1, 3, '2021-11-02 17:02:21', '2021-11-02 17:09:37', NULL, NULL, NULL, '2021-11-02 17:09:37'),
(8, 6, 2, 33, '2021-11-02 17:02:21', '2021-11-02 17:09:37', NULL, NULL, NULL, '2021-11-02 17:09:37'),
(9, 6, 1, 3, '2021-11-02 17:09:37', '2021-11-02 17:11:11', NULL, NULL, NULL, '2021-11-02 17:11:11'),
(10, 6, 2, 33, '2021-11-02 17:09:37', '2021-11-02 17:11:11', NULL, NULL, NULL, '2021-11-02 17:11:11'),
(11, 6, 3, 12, '2021-11-02 17:09:37', '2021-11-02 17:11:11', NULL, NULL, NULL, '2021-11-02 17:11:11'),
(12, 6, 2, 33, '2021-11-02 17:11:11', '2021-11-02 17:11:11', NULL, NULL, NULL, NULL),
(13, 6, 3, 12, '2021-11-02 17:11:11', '2021-11-02 17:11:11', NULL, NULL, NULL, NULL),
(14, 7, 2, 1003, '2021-11-03 02:49:59', '2021-11-03 02:49:59', 1, 1, NULL, NULL),
(15, 7, 1, 1002, '2021-11-03 02:49:59', '2021-11-03 02:49:59', 1, 1, NULL, NULL),
(16, 7, 3, 1001, '2021-11-03 02:49:59', '2021-11-03 02:49:59', 1, 1, NULL, NULL),
(17, 8, 1, 222, '2021-11-03 03:13:09', '2021-11-03 03:13:09', 1, 1, NULL, NULL),
(18, 9, 1, 12, '2021-11-11 01:16:40', '2021-11-11 01:16:40', 1, 1, NULL, NULL),
(19, 9, 2, 10, '2021-11-11 01:16:40', '2021-11-11 01:16:40', 1, 1, NULL, NULL),
(20, 10, 1, 1, '2021-11-11 01:19:37', '2021-11-11 01:19:37', 1, 1, NULL, NULL),
(21, 11, 1, 2, '2021-11-18 09:55:40', '2021-11-18 09:55:40', 5, 5, NULL, NULL);

INSERT INTO `tax` (`id`, `percent`, `start_date`, `end_date`, `default_flg`, `created_at`, `created_by`, `updated_at`, `updated_by`, `deleted_at`, `deleted_by`) VALUES
(1, '0.08', '2014-04-01', '9999-12-31', 1, '2021-07-27 07:50:25', NULL, '2021-07-27 07:50:25', NULL, NULL, NULL),
(2, '0.10', '2019-10-01', '9999-12-31', 0, '2021-07-27 07:50:25', NULL, '2021-07-27 07:50:25', NULL, NULL, NULL),
(3, '0.08', '2014-04-01', '9999-12-31', 1, '2021-07-28 09:18:05', NULL, '2021-07-28 09:18:05', NULL, NULL, NULL),
(4, '0.10', '2019-10-01', '9999-12-31', 0, '2021-07-28 09:18:05', NULL, '2021-07-28 09:18:05', NULL, NULL, NULL),
(5, '0.08', '2014-04-01', '9999-12-31', 1, '2021-07-28 09:21:50', NULL, '2021-07-28 09:21:50', NULL, NULL, NULL),
(6, '0.10', '2019-10-01', '9999-12-31', 0, '2021-07-28 09:21:50', NULL, '2021-07-28 09:21:50', NULL, NULL, NULL);

INSERT INTO `update_histories` (`id`, `update_table_name`, `update_table_id`, `old_value`, `new_value`, `created_at`, `created_by`, `updated_at`, `updated_by`, `deleted_at`, `deleted_by`) VALUES
(1, 'App\\Models\\Shipment', 5, '{\"id\":5,\"subject\":null,\"account_id\":1,\"delivery_destination_id\":4,\"sales_employee_id\":4,\"delivery_employee_id\":4,\"remarks\":null,\"sales_date\":\"2021-08-04\",\"ship_date\":null,\"status\":null,\"individual_invoice_flg\":0,\"cash_receipt\":1,\"shipment_line_items\":[]}', '{\"id\":5,\"subject\":null,\"account_id\":1,\"delivery_destination_id\":4,\"sales_employee_id\":4,\"delivery_employee_id\":4,\"remarks\":null,\"sales_date\":\"2021-08-04\",\"ship_date\":null,\"status\":\"\\u51fa\\u8377\\u6e08\",\"individual_invoice_flg\":0,\"cash_receipt\":false,\"shipment_line_items\":[]}', '2021-08-03 17:06:25', 4, '2021-08-03 17:06:25', 4, NULL, NULL),
(2, 'App\\Models\\Shipment', 5, '{\"id\":5,\"subject\":null,\"account_id\":1,\"delivery_destination_id\":4,\"sales_employee_id\":4,\"delivery_employee_id\":4,\"remarks\":null,\"sales_date\":\"2021-08-04\",\"ship_date\":null,\"status\":\"\\u51fa\\u8377\\u6e08\",\"individual_invoice_flg\":0,\"cash_receipt\":0,\"shipment_line_items\":[]}', '{\"id\":5,\"subject\":null,\"account_id\":1,\"delivery_destination_id\":4,\"sales_employee_id\":4,\"delivery_employee_id\":4,\"remarks\":null,\"sales_date\":\"2021-08-04\",\"ship_date\":null,\"status\":\"\\u51fa\\u8377\\u6e08\",\"individual_invoice_flg\":0,\"cash_receipt\":true,\"shipment_line_items\":[]}', '2021-08-03 17:06:31', 4, '2021-08-03 17:06:31', 4, NULL, NULL),
(3, 'App\\Models\\Shipment', 5, '{\"id\":5,\"subject\":null,\"account_id\":1,\"delivery_destination_id\":4,\"sales_employee_id\":4,\"delivery_employee_id\":4,\"remarks\":null,\"sales_date\":\"2021-08-04\",\"ship_date\":null,\"status\":\"\\u51fa\\u8377\\u6e08\",\"individual_invoice_flg\":0,\"cash_receipt\":1,\"shipment_line_items\":[]}', '{\"id\":5,\"subject\":null,\"account_id\":1,\"delivery_destination_id\":4,\"sales_employee_id\":4,\"delivery_employee_id\":4,\"remarks\":null,\"sales_date\":\"2021-08-04\",\"ship_date\":null,\"status\":\"\\u51fa\\u8377\\u6e08\",\"individual_invoice_flg\":true,\"cash_receipt\":1,\"shipment_line_items\":[]}', '2021-08-03 17:06:36', 4, '2021-08-03 17:06:36', 4, NULL, NULL),
(4, 'App\\Models\\Shipment', 5, '{\"id\":5,\"subject\":null,\"account_id\":1,\"delivery_destination_id\":4,\"sales_employee_id\":4,\"delivery_employee_id\":4,\"remarks\":null,\"sales_date\":\"2021-08-04\",\"ship_date\":null,\"status\":\"\\u51fa\\u8377\\u6e08\",\"individual_invoice_flg\":1,\"cash_receipt\":1,\"shipment_line_items\":[]}', '{\"id\":5,\"subject\":null,\"account_id\":1,\"delivery_destination_id\":4,\"sales_employee_id\":4,\"delivery_employee_id\":4,\"remarks\":null,\"sales_date\":\"2021-08-04\",\"ship_date\":null,\"status\":\"\\u51fa\\u8377\\u6e08\",\"individual_invoice_flg\":false,\"cash_receipt\":false,\"shipment_line_items\":[]}', '2021-08-03 17:13:59', 4, '2021-08-03 17:13:59', 4, NULL, NULL),
(5, 'App\\Models\\Shipment', 5, '{\"id\":5,\"subject\":null,\"account_id\":1,\"delivery_destination_id\":4,\"sales_employee_id\":4,\"delivery_employee_id\":4,\"remarks\":null,\"sales_date\":\"2021-08-04\",\"ship_date\":null,\"status\":\"\\u51fa\\u8377\\u6e08\",\"individual_invoice_flg\":0,\"cash_receipt\":0,\"shipment_line_items\":[]}', '{\"id\":5,\"subject\":null,\"account_id\":1,\"delivery_destination_id\":4,\"sales_employee_id\":4,\"delivery_employee_id\":4,\"remarks\":null,\"sales_date\":\"2021-08-04\",\"ship_date\":null,\"status\":\"\\u51fa\\u8377\\u6e08\",\"individual_invoice_flg\":0,\"cash_receipt\":0,\"shipment_line_items\":[{\"product_id\":1,\"tax\":0,\"quantity\":1,\"unit_price\":\"1000\",\"TaxType\":\"\\u5916\\u7a0e\"},{\"product_id\":1,\"tax\":0,\"quantity\":1,\"unit_price\":2000,\"TaxType\":\"\\u975e\\u8ab2\\u7a0e\"}]}', '2021-08-03 17:14:20', 4, '2021-08-03 17:14:20', 4, NULL, NULL),
(6, 'App\\Models\\Shipment', 5, '{\"id\":5,\"subject\":null,\"account_id\":1,\"delivery_destination_id\":4,\"sales_employee_id\":4,\"delivery_employee_id\":4,\"remarks\":null,\"sales_date\":\"2021-08-04\",\"ship_date\":null,\"status\":\"\\u51fa\\u8377\\u6e08\",\"individual_invoice_flg\":0,\"cash_receipt\":0,\"shipment_line_items\":[{\"product_id\":1,\"unit_price\":\"1000.00\",\"tax\":\"0.00\",\"quantity\":\"1.00\",\"TaxType\":\"\\u5916\\u7a0e\"},{\"product_id\":1,\"unit_price\":\"2000.00\",\"tax\":\"0.00\",\"quantity\":\"1.00\",\"TaxType\":\"\\u975e\\u8ab2\\u7a0e\"}]}', '{\"id\":5,\"subject\":null,\"account_id\":1,\"delivery_destination_id\":4,\"sales_employee_id\":4,\"delivery_employee_id\":4,\"remarks\":null,\"sales_date\":\"2021-08-05\",\"ship_date\":null,\"status\":\"\\u51fa\\u8377\\u6e08\",\"individual_invoice_flg\":0,\"cash_receipt\":0,\"shipment_line_items\":[{\"product_id\":1,\"unit_price\":\"1000.00\",\"tax\":\"0.00\",\"quantity\":\"1.00\",\"TaxType\":\"\\u5916\\u7a0e\"},{\"product_id\":1,\"unit_price\":\"2000.00\",\"tax\":\"0.00\",\"quantity\":\"1.00\",\"TaxType\":\"\\u975e\\u8ab2\\u7a0e\"}]}', '2021-08-05 14:07:12', 4, '2021-08-05 14:07:12', 4, NULL, NULL),
(7, 'App\\Models\\Shipment', 7, '{\"id\":7,\"subject\":null,\"account_id\":1,\"delivery_destination_id\":4,\"sales_employee_id\":4,\"delivery_employee_id\":4,\"remarks\":null,\"sales_date\":\"2021-08-05\",\"ship_date\":null,\"status\":null,\"individual_invoice_flg\":0,\"cash_receipt\":0,\"shipment_line_items\":[{\"product_id\":1,\"unit_price\":\"1000.00\",\"tax\":\"0.08\",\"quantity\":\"1.00\",\"TaxType\":\"\\u975e\\u8ab2\\u7a0e\"}]}', '{\"id\":7,\"subject\":null,\"account_id\":1,\"delivery_destination_id\":4,\"sales_employee_id\":4,\"delivery_employee_id\":4,\"remarks\":null,\"sales_date\":\"2021-08-05\",\"ship_date\":null,\"status\":\"\\u51fa\\u8377\\u6e08\",\"individual_invoice_flg\":0,\"cash_receipt\":0,\"shipment_line_items\":[{\"product_id\":1,\"unit_price\":\"1000.00\",\"tax\":\"0.08\",\"quantity\":0,\"TaxType\":\"\\u975e\\u8ab2\\u7a0e\"}]}', '2021-08-05 14:13:44', 4, '2021-08-05 14:13:44', 4, NULL, NULL),
(8, 'App\\Models\\Shipment', 18, '{\"id\":18,\"subject\":null,\"account_id\":1,\"delivery_destination_id\":5,\"sales_employee_id\":5,\"delivery_employee_id\":5,\"remarks\":null,\"sales_date\":\"2021-09-01\",\"ship_date\":null,\"status\":null,\"individual_invoice_flg\":0,\"cash_receipt\":0,\"shipment_line_items\":[{\"product_id\":1,\"unit_price\":\"1000.00\",\"tax\":\"0\",\"quantity\":\"1.00\",\"TaxType\":\"\\u975e\\u8ab2\\u7a0e\"}]}', '{\"id\":18,\"subject\":null,\"account_id\":1,\"delivery_destination_id\":5,\"sales_employee_id\":5,\"delivery_employee_id\":5,\"remarks\":null,\"sales_date\":\"2021-09-01\",\"ship_date\":null,\"status\":\"\\u51fa\\u8377\\u6e08\",\"individual_invoice_flg\":0,\"cash_receipt\":0,\"shipment_line_items\":[{\"product_id\":1,\"tax\":0,\"quantity\":5,\"unit_price\":\"1000\",\"TaxType\":null}]}', '2021-09-01 07:34:35', NULL, '2021-09-01 07:34:35', NULL, NULL, NULL),
(12, 'App\\Models\\Shipment', 37, '{\"id\":37,\"subject\":null,\"account_id\":1,\"delivery_destination_id\":5,\"sales_employee_id\":5,\"delivery_employee_id\":5,\"remarks\":null,\"sales_date\":\"2021-09-21\",\"ship_date\":null,\"status\":null,\"individual_invoice_flg\":0,\"cash_receipt\":0,\"shipment_line_items\":[{\"product_id\":1,\"unit_price\":\"1000\",\"tax\":\"0\",\"quantity\":\"1\",\"TaxType\":\"\\u975e\\u8ab2\\u7a0e\"}]}', '{\"id\":37,\"subject\":null,\"account_id\":1,\"delivery_destination_id\":5,\"sales_employee_id\":5,\"delivery_employee_id\":5,\"remarks\":null,\"sales_date\":\"2021-09-21\",\"ship_date\":null,\"status\":\"\\u51fa\\u8377\\u6e08\",\"individual_invoice_flg\":0,\"cash_receipt\":0,\"tax\":null,\"shipment_line_items\":[{\"product_id\":1,\"unit_price\":\"1000\",\"tax\":\"0\",\"quantity\":\"1\",\"TaxType\":\"\\u975e\\u8ab2\\u7a0e\"}]}', '2021-09-21 05:16:59', 5, '2021-09-21 05:16:59', 5, NULL, NULL),
(13, 'App\\Models\\Shipment', 32, '{\"id\":32,\"subject\":null,\"account_id\":1,\"delivery_destination_id\":4,\"sales_employee_id\":5,\"delivery_employee_id\":5,\"remarks\":null,\"sales_date\":\"2021-09-06\",\"ship_date\":null,\"status\":null,\"individual_invoice_flg\":0,\"cash_receipt\":0,\"shipment_line_items\":[]}', '{\"id\":32,\"subject\":null,\"account_id\":1,\"delivery_destination_id\":4,\"sales_employee_id\":5,\"delivery_employee_id\":5,\"remarks\":null,\"sales_date\":\"2021-09-06\",\"ship_date\":null,\"status\":\"\\u51fa\\u8377\\u6e08\",\"individual_invoice_flg\":0,\"cash_receipt\":0,\"tax\":null,\"shipment_line_items\":[]}', '2021-09-21 05:17:09', 5, '2021-09-21 05:17:09', 5, NULL, NULL),
(14, 'App\\Models\\Shipment', 32, '{\"id\":32,\"subject\":null,\"account_id\":1,\"delivery_destination_id\":4,\"sales_employee_id\":5,\"delivery_employee_id\":5,\"remarks\":null,\"sales_date\":\"2021-09-06\",\"ship_date\":null,\"status\":\"\\u51fa\\u8377\\u6e08\",\"individual_invoice_flg\":0,\"cash_receipt\":0,\"shipment_line_items\":[]}', '{\"id\":32,\"subject\":null,\"account_id\":1,\"delivery_destination_id\":4,\"sales_employee_id\":5,\"delivery_employee_id\":5,\"remarks\":null,\"sales_date\":\"2021-09-06\",\"ship_date\":null,\"status\":\"\\u51fa\\u8377\\u6e08\",\"individual_invoice_flg\":0,\"cash_receipt\":0,\"tax\":null,\"shipment_line_items\":[{\"product_id\":1,\"tax\":0,\"quantity\":1,\"unit_price\":\"1000\",\"TaxType\":null}]}', '2021-09-21 05:17:17', 5, '2021-09-21 05:17:17', 5, NULL, NULL),
(15, 'App\\Models\\Shipment', 16, '{\"id\":16,\"subject\":null,\"account_id\":1,\"delivery_destination_id\":4,\"sales_employee_id\":5,\"delivery_employee_id\":5,\"remarks\":null,\"sales_date\":\"2021-08-28\",\"ship_date\":null,\"status\":null,\"individual_invoice_flg\":0,\"cash_receipt\":0,\"shipment_line_items\":[{\"product_id\":1,\"unit_price\":\"1000\",\"tax\":\"0\",\"quantity\":\"1\",\"TaxType\":\"\\u975e\\u8ab2\\u7a0e\"}]}', '{\"id\":16,\"subject\":null,\"account_id\":1,\"delivery_destination_id\":4,\"sales_employee_id\":5,\"delivery_employee_id\":5,\"remarks\":null,\"sales_date\":\"2021-08-28\",\"ship_date\":null,\"status\":\"\\u8acb\\u6c42\\u6e08\",\"individual_invoice_flg\":0,\"cash_receipt\":0,\"tax\":\"0\",\"shipment_line_items\":[{\"product_id\":1,\"unit_price\":\"1000\",\"tax\":\"0\",\"quantity\":\"1\",\"TaxType\":\"\\u975e\\u8ab2\\u7a0e\"}]}', '2021-09-21 05:45:03', 5, '2021-09-21 05:45:03', 5, NULL, NULL),
(16, 'App\\Models\\Shipment', 14, '{\"id\":14,\"subject\":null,\"account_id\":1,\"delivery_destination_id\":4,\"sales_employee_id\":5,\"delivery_employee_id\":5,\"remarks\":null,\"sales_date\":\"2021-08-26\",\"ship_date\":null,\"status\":null,\"individual_invoice_flg\":0,\"cash_receipt\":0,\"shipment_line_items\":[{\"product_id\":1,\"unit_price\":\"1000\",\"tax\":\"0\",\"quantity\":null,\"TaxType\":\"\\u975e\\u8ab2\\u7a0e\"}]}', '{\"id\":14,\"subject\":null,\"account_id\":1,\"delivery_destination_id\":4,\"sales_employee_id\":5,\"delivery_employee_id\":5,\"remarks\":null,\"sales_date\":\"2021-08-26\",\"ship_date\":null,\"status\":\"\\u8acb\\u6c42\\u6e08\",\"individual_invoice_flg\":0,\"cash_receipt\":0,\"tax\":\"0\",\"shipment_line_items\":[{\"product_id\":1,\"unit_price\":\"1000\",\"tax\":\"0\",\"quantity\":null,\"TaxType\":\"\\u975e\\u8ab2\\u7a0e\"}]}', '2021-09-21 05:47:22', 5, '2021-09-21 05:47:22', 5, NULL, NULL),
(17, 'App\\Models\\Shipment', 43, '{\"id\":43,\"subject\":null,\"account_id\":1,\"delivery_destination_id\":2,\"sales_employee_id\":1,\"delivery_employee_id\":1,\"remarks\":null,\"sales_date\":\"2021-11-01\",\"ship_date\":null,\"status\":null,\"individual_invoice_flg\":0,\"cash_receipt\":0,\"shipment_line_items\":[{\"product_id\":1,\"unit_price\":\"1000\",\"tax\":\"0\",\"quantity\":\"4\",\"TaxType\":\"\\u975e\\u8ab2\\u7a0e\"},{\"product_id\":2,\"unit_price\":\"1000\",\"tax\":\"0\",\"quantity\":\"4\",\"TaxType\":\"\\u975e\\u8ab2\\u7a0e\"}]}', '{\"id\":43,\"subject\":null,\"account_id\":1,\"delivery_destination_id\":2,\"sales_employee_id\":1,\"delivery_employee_id\":1,\"remarks\":null,\"sales_date\":\"2021-11-01\",\"ship_date\":null,\"status\":\"\\u51fa\\u8377\\u6e08\",\"individual_invoice_flg\":0,\"cash_receipt\":0,\"tax\":\"0\",\"shipment_line_items\":[{\"product_id\":1,\"unit_price\":\"1000\",\"tax\":\"0\",\"quantity\":42,\"TaxType\":\"\\u975e\\u8ab2\\u7a0e\"},{\"product_id\":2,\"unit_price\":\"1000\",\"tax\":\"0\",\"quantity\":\"4\",\"TaxType\":\"\\u975e\\u8ab2\\u7a0e\"}]}', '2021-11-01 11:05:37', 1, '2021-11-01 11:05:37', 1, NULL, NULL),
(18, 'App\\Models\\Shipment', 43, '{\"id\":43,\"subject\":null,\"account_id\":1,\"delivery_destination_id\":2,\"sales_employee_id\":1,\"delivery_employee_id\":1,\"remarks\":null,\"sales_date\":\"2021-11-01\",\"ship_date\":null,\"status\":\"\\u51fa\\u8377\\u6e08\",\"individual_invoice_flg\":0,\"cash_receipt\":0,\"shipment_line_items\":[{\"product_id\":1,\"unit_price\":\"1000\",\"tax\":\"0\",\"quantity\":\"42\",\"TaxType\":\"\\u975e\\u8ab2\\u7a0e\"},{\"product_id\":2,\"unit_price\":\"1000\",\"tax\":\"0\",\"quantity\":\"4\",\"TaxType\":\"\\u975e\\u8ab2\\u7a0e\"}]}', '{\"id\":43,\"subject\":null,\"account_id\":1,\"delivery_destination_id\":2,\"sales_employee_id\":1,\"delivery_employee_id\":1,\"remarks\":null,\"sales_date\":\"2021-11-01\",\"ship_date\":null,\"status\":\"\\u51fa\\u8377\\u6e08\",\"individual_invoice_flg\":0,\"cash_receipt\":true,\"tax\":\"0\",\"shipment_line_items\":[{\"product_id\":1,\"unit_price\":\"1000\",\"tax\":\"0\",\"quantity\":421,\"TaxType\":\"\\u975e\\u8ab2\\u7a0e\"},{\"product_id\":2,\"unit_price\":\"1000\",\"tax\":\"0\",\"quantity\":\"4\",\"TaxType\":\"\\u975e\\u8ab2\\u7a0e\"}]}', '2021-11-01 11:05:51', 1, '2021-11-01 11:05:51', 1, NULL, NULL),
(19, 'App\\Models\\Shipment', 43, '{\"id\":43,\"subject\":null,\"account_id\":1,\"delivery_destination_id\":2,\"sales_employee_id\":1,\"delivery_employee_id\":1,\"remarks\":null,\"sales_date\":\"2021-11-01\",\"ship_date\":null,\"status\":\"\\u51fa\\u8377\\u6e08\",\"individual_invoice_flg\":0,\"cash_receipt\":1,\"shipment_line_items\":[{\"product_id\":1,\"unit_price\":\"1000\",\"tax\":\"0\",\"quantity\":\"421\",\"TaxType\":\"\\u975e\\u8ab2\\u7a0e\"},{\"product_id\":2,\"unit_price\":\"1000\",\"tax\":\"0\",\"quantity\":\"4\",\"TaxType\":\"\\u975e\\u8ab2\\u7a0e\"}]}', '{\"id\":43,\"subject\":null,\"account_id\":1,\"delivery_destination_id\":2,\"sales_employee_id\":1,\"delivery_employee_id\":1,\"remarks\":null,\"sales_date\":\"2021-11-02\",\"ship_date\":null,\"status\":\"\\u51fa\\u8377\\u6e08\",\"individual_invoice_flg\":0,\"cash_receipt\":1,\"tax\":\"0\",\"shipment_line_items\":[{\"product_id\":1,\"unit_price\":\"1000\",\"tax\":\"0\",\"quantity\":\"421\",\"TaxType\":\"\\u975e\\u8ab2\\u7a0e\"},{\"product_id\":2,\"unit_price\":\"1000\",\"tax\":\"0\",\"quantity\":\"4\",\"TaxType\":\"\\u975e\\u8ab2\\u7a0e\"}]}', '2021-11-01 11:06:02', 1, '2021-11-01 11:06:02', 1, NULL, NULL),
(20, 'App\\Models\\Shipment', 43, '{\"id\":43,\"subject\":null,\"account_id\":1,\"delivery_destination_id\":2,\"sales_employee_id\":1,\"delivery_employee_id\":1,\"remarks\":null,\"sales_date\":\"2021-11-02\",\"ship_date\":null,\"status\":\"\\u51fa\\u8377\\u6e08\",\"individual_invoice_flg\":0,\"cash_receipt\":1,\"shipment_line_items\":[{\"product_id\":1,\"unit_price\":\"1000\",\"tax\":\"0\",\"quantity\":\"421\",\"TaxType\":\"\\u975e\\u8ab2\\u7a0e\"},{\"product_id\":2,\"unit_price\":\"1000\",\"tax\":\"0\",\"quantity\":\"4\",\"TaxType\":\"\\u975e\\u8ab2\\u7a0e\"}]}', '{\"id\":43,\"subject\":null,\"account_id\":1,\"delivery_destination_id\":2,\"sales_employee_id\":1,\"delivery_employee_id\":1,\"remarks\":null,\"sales_date\":\"2021-11-02\",\"ship_date\":null,\"status\":\"\\u51fa\\u8377\\u6e08\",\"individual_invoice_flg\":0,\"cash_receipt\":1,\"tax\":\"0\",\"shipment_line_items\":[{\"product_id\":1,\"unit_price\":\"1000\",\"tax\":\"0\",\"quantity\":\"421\",\"TaxType\":\"\\u975e\\u8ab2\\u7a0e\"},{\"product_id\":2,\"unit_price\":\"1000\",\"tax\":\"0\",\"quantity\":0,\"TaxType\":\"\\u975e\\u8ab2\\u7a0e\"}]}', '2021-11-01 11:06:20', 1, '2021-11-01 11:06:20', 1, NULL, NULL),
(21, 'App\\Models\\Shipment', 43, '{\"id\":43,\"subject\":null,\"account_id\":1,\"delivery_destination_id\":2,\"sales_employee_id\":1,\"delivery_employee_id\":1,\"remarks\":null,\"sales_date\":\"2021-11-02\",\"ship_date\":null,\"status\":\"\\u51fa\\u8377\\u6e08\",\"individual_invoice_flg\":0,\"cash_receipt\":1,\"shipment_line_items\":[{\"product_id\":1,\"unit_price\":\"1000\",\"tax\":\"0\",\"quantity\":\"421\",\"TaxType\":\"\\u975e\\u8ab2\\u7a0e\"},{\"product_id\":2,\"unit_price\":\"1000\",\"tax\":\"0\",\"quantity\":\"0\",\"TaxType\":\"\\u975e\\u8ab2\\u7a0e\"}]}', '{\"id\":43,\"subject\":null,\"account_id\":1,\"delivery_destination_id\":2,\"sales_employee_id\":1,\"delivery_employee_id\":1,\"remarks\":null,\"sales_date\":\"2021-11-02\",\"ship_date\":null,\"status\":\"\\u51fa\\u8377\\u6e08\",\"individual_invoice_flg\":0,\"cash_receipt\":1,\"tax\":\"0\",\"shipment_line_items\":[{\"product_id\":1,\"unit_price\":\"1000\",\"tax\":\"0\",\"quantity\":\"421\",\"TaxType\":\"\\u975e\\u8ab2\\u7a0e\"},{\"product_id\":2,\"unit_price\":\"1000\",\"tax\":\"0\",\"quantity\":1,\"TaxType\":\"\\u975e\\u8ab2\\u7a0e\"}]}', '2021-11-01 11:06:27', 1, '2021-11-01 11:06:27', 1, NULL, NULL),
(22, 'App\\Models\\Shipment', 43, '{\"id\":43,\"subject\":null,\"account_id\":1,\"delivery_destination_id\":2,\"sales_employee_id\":1,\"delivery_employee_id\":1,\"remarks\":null,\"sales_date\":\"2021-11-02\",\"ship_date\":null,\"status\":\"\\u51fa\\u8377\\u6e08\",\"individual_invoice_flg\":0,\"cash_receipt\":1,\"shipment_line_items\":[{\"product_id\":1,\"unit_price\":\"1000\",\"tax\":\"0\",\"quantity\":\"421\",\"TaxType\":\"\\u975e\\u8ab2\\u7a0e\"},{\"product_id\":2,\"unit_price\":\"1000\",\"tax\":\"0\",\"quantity\":\"1\",\"TaxType\":\"\\u975e\\u8ab2\\u7a0e\"}]}', '{\"id\":43,\"subject\":null,\"account_id\":1,\"delivery_destination_id\":2,\"sales_employee_id\":1,\"delivery_employee_id\":1,\"remarks\":\"1sqsaassa\",\"sales_date\":\"2021-11-02\",\"ship_date\":null,\"status\":\"\\u51fa\\u8377\\u6e08\",\"individual_invoice_flg\":0,\"cash_receipt\":1,\"tax\":\"0\",\"shipment_line_items\":[{\"product_id\":1,\"unit_price\":\"1000\",\"tax\":\"0\",\"quantity\":\"421\",\"TaxType\":\"\\u975e\\u8ab2\\u7a0e\"},{\"product_id\":2,\"unit_price\":\"1000\",\"tax\":\"0\",\"quantity\":\"1\",\"TaxType\":\"\\u975e\\u8ab2\\u7a0e\"}]}', '2021-11-01 11:06:46', 1, '2021-11-01 11:06:46', 1, NULL, NULL),
(23, 'App\\Models\\Shipment', 43, '{\"id\":43,\"subject\":null,\"account_id\":1,\"delivery_destination_id\":2,\"sales_employee_id\":1,\"delivery_employee_id\":1,\"remarks\":\"1sqsaassa\",\"sales_date\":\"2021-11-02\",\"ship_date\":null,\"status\":\"\\u51fa\\u8377\\u6e08\",\"individual_invoice_flg\":0,\"cash_receipt\":1,\"shipment_line_items\":[{\"product_id\":1,\"unit_price\":\"1000\",\"tax\":\"0\",\"quantity\":\"421\",\"TaxType\":\"\\u975e\\u8ab2\\u7a0e\"},{\"product_id\":2,\"unit_price\":\"1000\",\"tax\":\"0\",\"quantity\":\"1\",\"TaxType\":\"\\u975e\\u8ab2\\u7a0e\"}]}', '{\"id\":43,\"subject\":null,\"account_id\":1,\"delivery_destination_id\":2,\"sales_employee_id\":1,\"delivery_employee_id\":1,\"remarks\":\"1sqsaassa\",\"sales_date\":\"2021-11-02\",\"ship_date\":null,\"status\":\"\\u51fa\\u8377\\u6e08\",\"individual_invoice_flg\":0,\"cash_receipt\":1,\"tax\":\"0\",\"shipment_line_items\":[{\"product_id\":1,\"unit_price\":\"1000\",\"tax\":\"0\",\"quantity\":42,\"TaxType\":\"\\u975e\\u8ab2\\u7a0e\"},{\"product_id\":2,\"unit_price\":\"1000\",\"tax\":\"0\",\"quantity\":\"1\",\"TaxType\":\"\\u975e\\u8ab2\\u7a0e\"}]}', '2021-11-01 11:07:03', 1, '2021-11-01 11:07:03', 1, NULL, NULL),
(24, 'App\\Models\\Shipment', 45, '{\"id\":45,\"subject\":null,\"account_id\":1,\"delivery_destination_id\":5,\"sales_employee_id\":1,\"delivery_employee_id\":1,\"remarks\":null,\"sales_date\":\"2021-11-01\",\"ship_date\":null,\"status\":null,\"individual_invoice_flg\":0,\"cash_receipt\":0,\"shipment_line_items\":[{\"product_id\":2,\"unit_price\":\"3\",\"tax\":\"0\",\"quantity\":\"5\",\"TaxType\":\"\\u975e\\u8ab2\\u7a0e\"}]}', '{\"id\":45,\"subject\":null,\"account_id\":1,\"delivery_destination_id\":5,\"sales_employee_id\":1,\"delivery_employee_id\":1,\"remarks\":null,\"sales_date\":\"2021-11-01\",\"ship_date\":null,\"status\":\"\\u51fa\\u8377\\u6e08\",\"individual_invoice_flg\":0,\"cash_receipt\":0,\"tax\":\"0\",\"shipment_line_items\":[{\"product_id\":2,\"unit_price\":\"3\",\"tax\":\"0\",\"quantity\":3,\"TaxType\":\"\\u975e\\u8ab2\\u7a0e\"}]}', '2021-11-01 11:09:22', 1, '2021-11-01 11:09:22', 1, NULL, NULL),
(25, 'App\\Models\\Shipment', 43, '{\"id\":43,\"subject\":null,\"account_id\":1,\"delivery_destination_id\":2,\"sales_employee_id\":1,\"delivery_employee_id\":1,\"remarks\":\"1sqsaassa\",\"sales_date\":\"2021-11-02\",\"ship_date\":null,\"status\":\"\\u51fa\\u8377\\u6e08\",\"individual_invoice_flg\":0,\"cash_receipt\":1,\"shipment_line_items\":[{\"product_id\":1,\"unit_price\":\"1000\",\"tax\":\"0\",\"quantity\":\"42\",\"TaxType\":\"\\u975e\\u8ab2\\u7a0e\"},{\"product_id\":2,\"unit_price\":\"1000\",\"tax\":\"0\",\"quantity\":\"1\",\"TaxType\":\"\\u975e\\u8ab2\\u7a0e\"}]}', '{\"id\":43,\"subject\":null,\"account_id\":1,\"delivery_destination_id\":2,\"sales_employee_id\":1,\"delivery_employee_id\":1,\"remarks\":\"1sqsaassa\",\"sales_date\":\"2021-11-02\",\"ship_date\":null,\"status\":\"\\u51fa\\u8377\\u6e08\",\"individual_invoice_flg\":0,\"cash_receipt\":1,\"tax\":\"0\",\"shipment_line_items\":[{\"product_id\":1,\"unit_price\":\"1000\",\"tax\":\"0\",\"quantity\":42.2,\"TaxType\":\"\\u975e\\u8ab2\\u7a0e\"},{\"product_id\":2,\"unit_price\":\"1000\",\"tax\":\"0\",\"quantity\":\"1\",\"TaxType\":\"\\u975e\\u8ab2\\u7a0e\"}]}', '2021-11-01 11:10:18', 1, '2021-11-01 11:10:18', 1, NULL, NULL),
(26, 'App\\Models\\Shipment', 43, '{\"id\":43,\"subject\":null,\"account_id\":1,\"delivery_destination_id\":2,\"sales_employee_id\":1,\"delivery_employee_id\":1,\"remarks\":\"1sqsaassa\",\"sales_date\":\"2021-11-02\",\"ship_date\":null,\"status\":\"\\u51fa\\u8377\\u6e08\",\"individual_invoice_flg\":0,\"cash_receipt\":1,\"shipment_line_items\":[{\"product_id\":1,\"unit_price\":\"1000\",\"tax\":\"0\",\"quantity\":\"42\",\"TaxType\":\"\\u975e\\u8ab2\\u7a0e\"},{\"product_id\":2,\"unit_price\":\"1000\",\"tax\":\"0\",\"quantity\":\"1\",\"TaxType\":\"\\u975e\\u8ab2\\u7a0e\"}]}', '{\"id\":43,\"subject\":null,\"account_id\":1,\"delivery_destination_id\":2,\"sales_employee_id\":1,\"delivery_employee_id\":1,\"remarks\":\"1sqsaassa\",\"sales_date\":\"2021-11-02\",\"ship_date\":null,\"status\":\"\\u51fa\\u8377\\u6e08\",\"individual_invoice_flg\":0,\"cash_receipt\":1,\"tax\":\"0\",\"shipment_line_items\":[{\"product_id\":1,\"unit_price\":\"1000\",\"tax\":\"0\",\"quantity\":222222222,\"TaxType\":\"\\u5916\\u7a0e\"},{\"product_id\":2,\"unit_price\":\"1000\",\"tax\":\"0\",\"quantity\":\"1\",\"TaxType\":\"\\u975e\\u8ab2\\u7a0e\"}]}', '2021-11-01 11:10:29', 1, '2021-11-01 11:10:29', 1, NULL, NULL);


COMMIT;

/*!40101 SET CHARACTER_SET_CLIENT=@OLD_CHARACTER_SET_CLIENT */;
/*!40101 SET CHARACTER_SET_RESULTS=@OLD_CHARACTER_SET_RESULTS */;
/*!40101 SET COLLATION_CONNECTION=@OLD_COLLATION_CONNECTION */;